letter,work_title,key_original,tonality,genre_categories,category,sub_category,instrumentation,instrumentation_cn,voice_types,language,imslp_id,file_description,section,copyright,publisher,eligible,status,error,skip_reason,local_filename,source_url,handler_url
C,Canon dans le mode phrygien,A Dorian mode,A 多利亚调式,Canons; For piano; Scores featuring the piano; For 1 player,器乐独奏,卡农,Piano,钢琴,钢琴独奏,,824685,Complete Score,tabScore1,Public Domain,"Paris: Alphonse Leduc, 1909. Plate A.L. 14,138.",True,downloaded,,,器乐独奏/19c6d8fe-9666-481d-be74-55b6b092d180.pdf,"https://imslp.org/wiki/Canon_dans_le_mode_phrygien_(Hahn,_Reynaldo)",https://imslp.org/wiki/Special:ImagefromIndex/824685/hfpb
C,Cantique sur le bonheur des justes et sur le malheur des réprouvés,,,"Canticles; Religious works; For voice, piano; For voices with keyboard; Scores featuring the voice; Scores featuring the piano; French language",宗教声乐作品,圣歌,"Voice, Piano",声乐、钢琴,声乐、钢琴,法语,91697,Complete Score,tabScore1,Public Domain,"Mélodies de Reynaldo Hahn, Vol.2, No.2Paris: Heugel, 1896. Plate H. 27,627",True,downloaded,,,宗教声乐作品/5bb383e0-bb3b-4719-8f00-aeeeb6b4e42d.pdf,"https://imslp.org/wiki/Cantique_(Hahn,_Reynaldo)",https://imslp.org/wiki/Special:ImagefromIndex/91697/hfpb
C,Caprice mélancolique for 2 Pianos,F-sharp major,升F大调,Caprices; For 2 pianos; Scores featuring the piano; For 2 players,室内乐,随想曲,2 pianos,双钢琴,双钢琴,,22504,Complete Score,tabScore1,Public Domain,"Paris: Heugel & Cie., 1897. Plate H. & Cie. 18830.",True,downloaded,,,室内乐/5c5c6f77-4398-42ca-8485-160c8837b654.pdf,"https://imslp.org/wiki/Caprice_m%C3%A9lancolique_(Hahn,_Reynaldo)",https://imslp.org/wiki/Special:ImagefromIndex/22504/hfpb
C,La Carmélite,,,"Comic operas; Theatrical Works; Operas; For voices, mixed chorus, orchestra; Scores featuring the voice; Scores featuring mixed chorus; Scores featuring the orchestra; For voices and chorus with orchestra; French language",歌剧总谱,喜歌剧,"Vocal soloists, Chorus, Orchestra",独唱、合唱、管弦乐队,独唱、合唱、管弦乐队,法语,75485,Complete Score,tabScore1,Public Domain,"Paris: Heugel & Cie, 1902. Plate H. & Cie 21.079.",True,downloaded,,,歌剧总谱/ab9fb1fe-3f22-4426-aff2-f8c123719159.pdf,"https://imslp.org/wiki/La_carm%C3%A9lite_(Hahn,_Reynaldo)",https://imslp.org/wiki/Special:ImagefromIndex/75485/hfpb
C,La Carmélite,,,"Comic operas; Theatrical Works; Operas; For voices, mixed chorus, orchestra; Scores featuring the voice; Scores featuring mixed chorus; Scores featuring the orchestra; For voices and chorus with orchestra; French language",歌剧总谱,喜歌剧,"Vocal soloists, Chorus, Orchestra",独唱、合唱、管弦乐队,独唱、合唱、管弦乐队,法语,22027,下载这个文件,tabScore1,Public Domain,"Paris: Heugel & Cie, 1902. Plate H. & Cie 21.079.",True,downloaded,,,歌剧总谱/0f010e22-cc7a-47f7-87cc-c81bb22203a7.pdf,"https://imslp.org/wiki/La_carm%C3%A9lite_(Hahn,_Reynaldo)",https://imslp.org/wiki/Special:ImagefromIndex/22027/hfpb
C,La Carmélite,,,"Comic operas; Theatrical Works; Operas; For voices, mixed chorus, orchestra; Scores featuring the voice; Scores featuring mixed chorus; Scores featuring the orchestra; For voices and chorus with orchestra; French language",歌剧总谱,喜歌剧,"Vocal soloists, Chorus, Orchestra",独唱、合唱、管弦乐队,独唱、合唱、管弦乐队,法语,22023,Introduction,tabScore1,Public Domain,"Paris: Heugel & Cie, 1902. Plate H. & Cie 21.079.",True,downloaded,,,歌剧总谱/5f1ffaec-d7ce-459e-8f4d-585e51897a81.pdf,"https://imslp.org/wiki/La_carm%C3%A9lite_(Hahn,_Reynaldo)",https://imslp.org/wiki/Special:ImagefromIndex/22023/hfpb
C,La Carmélite,,,"Comic operas; Theatrical Works; Operas; For voices, mixed chorus, orchestra; Scores featuring the voice; Scores featuring mixed chorus; Scores featuring the orchestra; For voices and chorus with orchestra; French language",歌剧总谱,喜歌剧,"Vocal soloists, Chorus, Orchestra",独唱、合唱、管弦乐队,独唱、合唱、管弦乐队,法语,22024,下载这个文件,tabScore1,Public Domain,"Paris: Heugel & Cie, 1902. Plate H. & Cie 21.079.",True,downloaded,,,歌剧总谱/de5aabf3-593d-4322-a77b-6d09ba6774a9.pdf,"https://imslp.org/wiki/La_carm%C3%A9lite_(Hahn,_Reynaldo)",https://imslp.org/wiki/Special:ImagefromIndex/22024/hfpb
C,La Carmélite,,,"Comic operas; Theatrical Works; Operas; For voices, mixed chorus, orchestra; Scores featuring the voice; Scores featuring mixed chorus; Scores featuring the orchestra; For voices and chorus with orchestra; French language",歌剧总谱,喜歌剧,"Vocal soloists, Chorus, Orchestra",独唱、合唱、管弦乐队,独唱、合唱、管弦乐队,法语,22025,下载这个文件,tabScore1,Public Domain,"Paris: Heugel & Cie, 1902. Plate H. & Cie 21.079.",True,downloaded,,,歌剧总谱/4d788928-5e0e-40d7-baa9-895236b96e14.pdf,"https://imslp.org/wiki/La_carm%C3%A9lite_(Hahn,_Reynaldo)",https://imslp.org/wiki/Special:ImagefromIndex/22025/hfpb
C,La Carmélite,,,"Comic operas; Theatrical Works; Operas; For voices, mixed chorus, orchestra; Scores featuring the voice; Scores featuring mixed chorus; Scores featuring the orchestra; For voices and chorus with orchestra; French language",歌剧总谱,喜歌剧,"Vocal soloists, Chorus, Orchestra",独唱、合唱、管弦乐队,独唱、合唱、管弦乐队,法语,22069,Act II,tabScore1,Public Domain,"Paris: Heugel & Cie, 1902. Plate H. & Cie 21.079.",True,downloaded,,,歌剧总谱/3f5f44a7-6f24-4ba6-af13-e2bd8e2d83e4.pdf,"https://imslp.org/wiki/La_carm%C3%A9lite_(Hahn,_Reynaldo)",https://imslp.org/wiki/Special:ImagefromIndex/22069/hfpb
C,La Carmélite,,,"Comic operas; Theatrical Works; Operas; For voices, mixed chorus, orchestra; Scores featuring the voice; Scores featuring mixed chorus; Scores featuring the orchestra; For voices and chorus with orchestra; French language",歌剧总谱,喜歌剧,"Vocal soloists, Chorus, Orchestra",独唱、合唱、管弦乐队,独唱、合唱、管弦乐队,法语,22090,Act III,tabScore1,Public Domain,"Paris: Heugel & Cie, 1902. Plate H. & Cie 21.079.",True,downloaded,,,歌剧总谱/66d93d84-3f8f-41b1-81be-91fa6e2ce26d.pdf,"https://imslp.org/wiki/La_carm%C3%A9lite_(Hahn,_Reynaldo)",https://imslp.org/wiki/Special:ImagefromIndex/22090/hfpb
C,La Carmélite,,,"Comic operas; Theatrical Works; Operas; For voices, mixed chorus, orchestra; Scores featuring the voice; Scores featuring mixed chorus; Scores featuring the orchestra; For voices and chorus with orchestra; French language",歌剧总谱,喜歌剧,"Vocal soloists, Chorus, Orchestra",独唱、合唱、管弦乐队,独唱、合唱、管弦乐队,法语,22091,Act IV,tabScore1,Public Domain,"Paris: Heugel & Cie, 1902. Plate H. & Cie 21.079.",True,downloaded,,,歌剧总谱/6c129b1a-6df3-4f33-b51e-b5f2c7c5050b.pdf,"https://imslp.org/wiki/La_carm%C3%A9lite_(Hahn,_Reynaldo)",https://imslp.org/wiki/Special:ImagefromIndex/22091/hfpb
C,La Carmélite,,,"Comic operas; Theatrical Works; Operas; For voices, mixed chorus, orchestra; Scores featuring the voice; Scores featuring mixed chorus; Scores featuring the orchestra; For voices and chorus with orchestra; French language",歌剧总谱,喜歌剧,"Vocal soloists, Chorus, Orchestra",独唱、合唱、管弦乐队,独唱、合唱、管弦乐队,法语,22345,Complete Score,tabScore1,Public Domain,"Album Musica, No.4Paris: Pierre Lafitte, 1903.",True,downloaded,,,歌剧总谱/fe8d6d66-29ee-4699-beaa-f327764ec276.pdf,"https://imslp.org/wiki/La_carm%C3%A9lite_(Hahn,_Reynaldo)",https://imslp.org/wiki/Special:ImagefromIndex/22345/hfpb
C,Chanson au bord de la fontaine,,,"Chansons; Songs; For voice, piano; For voices with keyboard; Scores featuring the voice; Scores featuring the piano; French language",艺术歌曲,,"Voice, Piano",声乐、钢琴,声乐、钢琴,法语,91698,Complete Score,tabScore1,Public Domain,"Mélodies de Reynaldo Hahn, Vol.2, No.8Paris: Heugel, 1912. Plate H. 27,627",True,downloaded,,,艺术歌曲/56c9d3b7-e8f9-4830-9428-344123205446.pdf,"https://imslp.org/wiki/Chanson_au_bord_de_la_fontaine_(Hahn,_Reynaldo)",https://imslp.org/wiki/Special:ImagefromIndex/91698/hfpb
C,Chansons et madrigaux for 3 or 4 Voices and Piano (ad libitum),,,"Chansons; Songs; Madrigals; For 4 voices, piano; For voices with keyboard; Scores featuring the voice; Scores featuring the soprano voice; Scores featuring the alto voice; Scores featuring the tenor voice; Scores featuring the bass voice; Scores featuring the piano; For 3 voices, piano; French language",合唱作品,牧歌,"SATB soloists (in combinations of 3 and 4 voices), piano",女高音、女低音、男高音、男低音独唱（3或4声部组合）、钢琴,女高音、女低音、男高音、男低音独唱（3或4声部组合）、钢琴,法语,22326,Complete Score,tabScore1,Public Domain,"Paris: Heugel & Cie., n.d. (ca 1907). Plate H. & Cie. 23.437 to 23.442.",True,downloaded,,,合唱作品/46edd580-d494-431a-a7c8-c037b42fa111.pdf,"https://imslp.org/wiki/Chansons_et_madrigaux_(Hahn,_Reynaldo)",https://imslp.org/wiki/Special:ImagefromIndex/22326
C,Chansons et madrigaux for 3 or 4 Voices and Piano (ad libitum),,,"Chansons; Songs; Madrigals; For 4 voices, piano; For voices with keyboard; Scores featuring the voice; Scores featuring the soprano voice; Scores featuring the alto voice; Scores featuring the tenor voice; Scores featuring the bass voice; Scores featuring the piano; For 3 voices, piano; French language",合唱作品,牧歌,"SATB soloists (in combinations of 3 and 4 voices), piano",女高音、女低音、男高音、男低音独唱（3或4声部组合）、钢琴,女高音、女低音、男高音、男低音独唱（3或4声部组合）、钢琴,法语,962490,Complete Score,tabScore1,Creative Commons Attribution-ShareAlike 4.0,Alex'Not,True,blocked,Error: No direct PDF URL,,合唱作品/6bcc8c5a-af1d-4dd5-8745-777848cd9c2c.pdf,"https://imslp.org/wiki/Chansons_et_madrigaux_(Hahn,_Reynaldo)",https://imslp.org/wiki/Special:ImagefromIndex/962490
C,Chansons grises,,,"Chansons; Songs; For voice, piano; For voices with keyboard; Scores featuring the voice; Scores featuring the piano; French language",艺术歌曲,,"voice, piano",声乐、钢琴,声乐、钢琴,法语,19023,Complete Score,tabScore1,Public Domain,"Paris: Heugel & Cie., n.d.(1890). Plates H. et Cie. 8237-8243.",True,downloaded,,,艺术歌曲/5d592dd2-63a5-43fa-999a-9460140b4619.pdf,"https://imslp.org/wiki/7_Chansons_grises_(Hahn,_Reynaldo)",https://imslp.org/wiki/Special:ImagefromIndex/19023/hfpb
C,Chansons grises,,,"Chansons; Songs; For voice, piano; For voices with keyboard; Scores featuring the voice; Scores featuring the piano; French language",艺术歌曲,,"voice, piano",声乐、钢琴,声乐、钢琴,法语,91215,Complete Score (reprint),tabScore1,Public Domain,"Paris: Heugel & Cie., n.d.(1890). Plates H. et Cie. 8237-8243.",True,downloaded,,,艺术歌曲/00ebe7f8-613e-4f4e-a5f1-5665ba0b2d6d.pdf,"https://imslp.org/wiki/7_Chansons_grises_(Hahn,_Reynaldo)",https://imslp.org/wiki/Special:ImagefromIndex/91215/hfpb
C,Chansons grises,,,"Chansons; Songs; For voice, piano; For voices with keyboard; Scores featuring the voice; Scores featuring the piano; French language",艺术歌曲,,"voice, piano",声乐、钢琴,声乐、钢琴,法语,151616,Complete Score,tabScore1,Public Domain,"New York: G. Schirmer, 1902. Plate 20668.",True,downloaded,,,艺术歌曲/a29d0920-ca51-419b-974b-7d0e41599b0f.pdf,"https://imslp.org/wiki/7_Chansons_grises_(Hahn,_Reynaldo)",https://imslp.org/wiki/Special:ImagefromIndex/151616/hfpb
C,Chansons grises,,,"Chansons; Songs; For voice, piano; For voices with keyboard; Scores featuring the voice; Scores featuring the piano; French language",艺术歌曲,,"voice, piano",声乐、钢琴,声乐、钢琴,法语,987693,"Complete Score (High Voice, D♭ major)",tabScore1,"Public Domain - Non-PD US, Non-PD EU","40 French Songs, Vol. II (High Voice)New York: International Music Company, 1952. Plate 1122.",False,pending,,IMSLP 标记为 Non-PD US,艺术歌曲/a5a04880-1dba-4440-b282-53104fc4b23b.pdf,"https://imslp.org/wiki/7_Chansons_grises_(Hahn,_Reynaldo)",https://imslp.org/wiki/Special:ImagefromIndex/987693/hfpb
C,La Chère Blessure,,,"Songs; For voice, piano; For voices with keyboard; Scores featuring the voice; Scores featuring the piano; French language",艺术歌曲,,"voice, piano",声乐、钢琴,声乐、钢琴,法语,91755,Complete Score,tabScore1,Public Domain,"Mélodies de Reynaldo Hahn, Vol.2, No.4Paris: Heugel, 1900. Plate H. 27,627.",True,downloaded,,,艺术歌曲/c2d99ec2-4a9d-42fe-b9a1-f5fd7f6007b8.pdf,"https://imslp.org/wiki/La_ch%C3%A8re_blessure_(Hahn,_Reynaldo)",https://imslp.org/wiki/Special:ImagefromIndex/91755/hfpb
C,La Chère Blessure,,,"Songs; For voice, piano; For voices with keyboard; Scores featuring the voice; Scores featuring the piano; French language",艺术歌曲,,"voice, piano",声乐、钢琴,声乐、钢琴,法语,790081,Complete Score,tabScore1,Public Domain,"Paris: Heugel, 1900. Plate H. & Cie. 20364.",True,downloaded,,,艺术歌曲/8a3c6580-2a3f-47ad-8788-44533ac4151a.pdf,"https://imslp.org/wiki/La_ch%C3%A8re_blessure_(Hahn,_Reynaldo)",https://imslp.org/wiki/Special:ImagefromIndex/790081/hfpb
C,Ciboulette,,,"Operettas; Theatrical Works; Operas; For voices, mixed chorus, orchestra; Scores featuring the voice; Scores featuring mixed chorus; Scores featuring the orchestra; For voices and chorus with orchestra; French language; For piano (arr); For 1 player (arr); Scores featuring the piano (arr)",歌剧总谱,轻歌剧,"voices, chorus, orchestra",声乐、合唱、管弦乐队,声乐、合唱、管弦乐队,法语,980742,Act I,tabScore1,Public Domain,"Paris: Salabert, 2012 [©1923]. Plate E.A.S. 02336P. 原作版版本说明 此为原作版/评注版/学术版/科学版（或为单纯重新制谱版本）。任何受版权保护的评注或考订资料均不应包含于本站提供的扫描文件中。 在加拿大，对公有领域作品的新版本/重新制谱版本（不含新增原创内容时）因未达到原创性门槛，应属公有领域。在欧盟多数国家，此类版本（新增原创内容除外）通常自出版起受保护期不超过25年（波兰为30年），且仅当原作者版权过期后出版的版本适用此规则。在美国，版权仅适用于新增原创内容，对公有领域作品的重新制谱版本（不含原创素材）不构成新版权主张，尽管可能存在版权声明（此类声明仅应适用于新增内容）。 您可能需要核查作品的出版日期及首次出版详情以确定版权状态（尤其在美国），因原作版权或未过期。 更多信息可在此处查阅。请遵守您所在国的版权法规。IMSLP对下载非公有领域文件所引发的任何法律后果不承担任何形式的责任或义务。",True,downloaded,,,歌剧总谱/bcd7d311-1ba7-45bf-b155-0caf43b3de33.pdf,"https://imslp.org/wiki/Ciboulette_(Hahn,_Reynaldo)",https://imslp.org/wiki/Special:ImagefromIndex/980742/hfpb
C,Ciboulette,,,"Operettas; Theatrical Works; Operas; For voices, mixed chorus, orchestra; Scores featuring the voice; Scores featuring mixed chorus; Scores featuring the orchestra; For voices and chorus with orchestra; French language; For piano (arr); For 1 player (arr); Scores featuring the piano (arr)",歌剧总谱,轻歌剧,"voices, chorus, orchestra",声乐、合唱、管弦乐队,声乐、合唱、管弦乐队,法语,980743,Act II,tabScore1,Public Domain,"Paris: Salabert, 2012 [©1923]. Plate E.A.S. 02336P. 原作版版本说明 此为原作版/评注版/学术版/科学版（或为单纯重新制谱版本）。任何受版权保护的评注或考订资料均不应包含于本站提供的扫描文件中。 在加拿大，对公有领域作品的新版本/重新制谱版本（不含新增原创内容时）因未达到原创性门槛，应属公有领域。在欧盟多数国家，此类版本（新增原创内容除外）通常自出版起受保护期不超过25年（波兰为30年），且仅当原作者版权过期后出版的版本适用此规则。在美国，版权仅适用于新增原创内容，对公有领域作品的重新制谱版本（不含原创素材）不构成新版权主张，尽管可能存在版权声明（此类声明仅应适用于新增内容）。 您可能需要核查作品的出版日期及首次出版详情以确定版权状态（尤其在美国），因原作版权或未过期。 更多信息可在此处查阅。请遵守您所在国的版权法规。IMSLP对下载非公有领域文件所引发的任何法律后果不承担任何形式的责任或义务。",True,downloaded,,,歌剧总谱/8464fe8d-27d7-4b6f-a282-c23ba820e5f5.pdf,"https://imslp.org/wiki/Ciboulette_(Hahn,_Reynaldo)",https://imslp.org/wiki/Special:ImagefromIndex/980743/hfpb
C,Ciboulette,,,"Operettas; Theatrical Works; Operas; For voices, mixed chorus, orchestra; Scores featuring the voice; Scores featuring mixed chorus; Scores featuring the orchestra; For voices and chorus with orchestra; French language; For piano (arr); For 1 player (arr); Scores featuring the piano (arr)",歌剧总谱,轻歌剧,"voices, chorus, orchestra",声乐、合唱、管弦乐队,声乐、合唱、管弦乐队,法语,980744,Act III,tabScore1,Public Domain,"Paris: Salabert, 2012 [©1923]. Plate E.A.S. 02336P. 原作版版本说明 此为原作版/评注版/学术版/科学版（或为单纯重新制谱版本）。任何受版权保护的评注或考订资料均不应包含于本站提供的扫描文件中。 在加拿大，对公有领域作品的新版本/重新制谱版本（不含新增原创内容时）因未达到原创性门槛，应属公有领域。在欧盟多数国家，此类版本（新增原创内容除外）通常自出版起受保护期不超过25年（波兰为30年），且仅当原作者版权过期后出版的版本适用此规则。在美国，版权仅适用于新增原创内容，对公有领域作品的重新制谱版本（不含原创素材）不构成新版权主张，尽管可能存在版权声明（此类声明仅应适用于新增内容）。 您可能需要核查作品的出版日期及首次出版详情以确定版权状态（尤其在美国），因原作版权或未过期。 更多信息可在此处查阅。请遵守您所在国的版权法规。IMSLP对下载非公有领域文件所引发的任何法律后果不承担任何形式的责任或义务。",True,downloaded,,,歌剧总谱/1d824cff-06dd-420b-beee-38a509ab09b0.pdf,"https://imslp.org/wiki/Ciboulette_(Hahn,_Reynaldo)",https://imslp.org/wiki/Special:ImagefromIndex/980744/hfpb
C,Ciboulette,,,"Operettas; Theatrical Works; Operas; For voices, mixed chorus, orchestra; Scores featuring the voice; Scores featuring mixed chorus; Scores featuring the orchestra; For voices and chorus with orchestra; French language; For piano (arr); For 1 player (arr); Scores featuring the piano (arr)",器乐分谱,轻歌剧,"voices, chorus, orchestra",声乐、合唱、管弦乐队,长笛分谱,法语,980778,Flute 1,tabScore2,Public Domain,"Paris: Salabert, 2012 [©1923]. Plate E.A.S. 02336P. 原作版版本说明 此为原作版/评注版/学术版/科学版（或为单纯重新制谱版本）。任何受版权保护的评注或考订资料均不应包含于本站提供的扫描文件中。 在加拿大，对公有领域作品的新版本/重新制谱版本（不含新增原创内容时）因未达到原创性门槛，应属公有领域。在欧盟多数国家，此类版本（新增原创内容除外）通常自出版起受保护期不超过25年（波兰为30年），且仅当原作者版权过期后出版的版本适用此规则。在美国，版权仅适用于新增原创内容，对公有领域作品的重新制谱版本（不含原创素材）不构成新版权主张，尽管可能存在版权声明（此类声明仅应适用于新增内容）。 您可能需要核查作品的出版日期及首次出版详情以确定版权状态（尤其在美国），因原作版权或未过期。 更多信息可在此处查阅。请遵守您所在国的版权法规。IMSLP对下载非公有领域文件所引发的任何法律后果不承担任何形式的责任或义务。",True,downloaded,,,器乐分谱/894df34c-ae6e-41cd-9e38-5050351f12f2.pdf,"https://imslp.org/wiki/Ciboulette_(Hahn,_Reynaldo)",https://imslp.org/wiki/Special:ImagefromIndex/980778/hfpb
C,Ciboulette,,,"Operettas; Theatrical Works; Operas; For voices, mixed chorus, orchestra; Scores featuring the voice; Scores featuring mixed chorus; Scores featuring the orchestra; For voices and chorus with orchestra; French language; For piano (arr); For 1 player (arr); Scores featuring the piano (arr)",器乐分谱,轻歌剧,"voices, chorus, orchestra",声乐、合唱、管弦乐队,长笛／短笛分谱,法语,980779,Flute 2 (also Piccolo),tabScore2,Public Domain,"Paris: Salabert, 2012 [©1923]. Plate E.A.S. 02336P. 原作版版本说明 此为原作版/评注版/学术版/科学版（或为单纯重新制谱版本）。任何受版权保护的评注或考订资料均不应包含于本站提供的扫描文件中。 在加拿大，对公有领域作品的新版本/重新制谱版本（不含新增原创内容时）因未达到原创性门槛，应属公有领域。在欧盟多数国家，此类版本（新增原创内容除外）通常自出版起受保护期不超过25年（波兰为30年），且仅当原作者版权过期后出版的版本适用此规则。在美国，版权仅适用于新增原创内容，对公有领域作品的重新制谱版本（不含原创素材）不构成新版权主张，尽管可能存在版权声明（此类声明仅应适用于新增内容）。 您可能需要核查作品的出版日期及首次出版详情以确定版权状态（尤其在美国），因原作版权或未过期。 更多信息可在此处查阅。请遵守您所在国的版权法规。IMSLP对下载非公有领域文件所引发的任何法律后果不承担任何形式的责任或义务。",True,downloaded,,,器乐分谱/0be1ad29-698f-4663-89e5-c6f5353a21c7.pdf,"https://imslp.org/wiki/Ciboulette_(Hahn,_Reynaldo)",https://imslp.org/wiki/Special:ImagefromIndex/980779/hfpb
C,Ciboulette,,,"Operettas; Theatrical Works; Operas; For voices, mixed chorus, orchestra; Scores featuring the voice; Scores featuring mixed chorus; Scores featuring the orchestra; For voices and chorus with orchestra; French language; For piano (arr); For 1 player (arr); Scores featuring the piano (arr)",器乐分谱,轻歌剧,"voices, chorus, orchestra",声乐、合唱、管弦乐队,双簧管分谱,法语,980780,Oboe,tabScore2,Public Domain,"Paris: Salabert, 2012 [©1923]. Plate E.A.S. 02336P. 原作版版本说明 此为原作版/评注版/学术版/科学版（或为单纯重新制谱版本）。任何受版权保护的评注或考订资料均不应包含于本站提供的扫描文件中。 在加拿大，对公有领域作品的新版本/重新制谱版本（不含新增原创内容时）因未达到原创性门槛，应属公有领域。在欧盟多数国家，此类版本（新增原创内容除外）通常自出版起受保护期不超过25年（波兰为30年），且仅当原作者版权过期后出版的版本适用此规则。在美国，版权仅适用于新增原创内容，对公有领域作品的重新制谱版本（不含原创素材）不构成新版权主张，尽管可能存在版权声明（此类声明仅应适用于新增内容）。 您可能需要核查作品的出版日期及首次出版详情以确定版权状态（尤其在美国），因原作版权或未过期。 更多信息可在此处查阅。请遵守您所在国的版权法规。IMSLP对下载非公有领域文件所引发的任何法律后果不承担任何形式的责任或义务。",True,downloaded,,,器乐分谱/5984a75d-bc0c-43b4-802d-9a819f08d583.pdf,"https://imslp.org/wiki/Ciboulette_(Hahn,_Reynaldo)",https://imslp.org/wiki/Special:ImagefromIndex/980780/hfpb
C,Ciboulette,,,"Operettas; Theatrical Works; Operas; For voices, mixed chorus, orchestra; Scores featuring the voice; Scores featuring mixed chorus; Scores featuring the orchestra; For voices and chorus with orchestra; French language; For piano (arr); For 1 player (arr); Scores featuring the piano (arr)",器乐分谱,轻歌剧,"voices, chorus, orchestra",声乐、合唱、管弦乐队,单簧管分谱,法语,980781,"Clarinet 1 (A, B♭)",tabScore2,Public Domain,"Paris: Salabert, 2012 [©1923]. Plate E.A.S. 02336P. 原作版版本说明 此为原作版/评注版/学术版/科学版（或为单纯重新制谱版本）。任何受版权保护的评注或考订资料均不应包含于本站提供的扫描文件中。 在加拿大，对公有领域作品的新版本/重新制谱版本（不含新增原创内容时）因未达到原创性门槛，应属公有领域。在欧盟多数国家，此类版本（新增原创内容除外）通常自出版起受保护期不超过25年（波兰为30年），且仅当原作者版权过期后出版的版本适用此规则。在美国，版权仅适用于新增原创内容，对公有领域作品的重新制谱版本（不含原创素材）不构成新版权主张，尽管可能存在版权声明（此类声明仅应适用于新增内容）。 您可能需要核查作品的出版日期及首次出版详情以确定版权状态（尤其在美国），因原作版权或未过期。 更多信息可在此处查阅。请遵守您所在国的版权法规。IMSLP对下载非公有领域文件所引发的任何法律后果不承担任何形式的责任或义务。",True,downloaded,,,器乐分谱/9a2cd783-5726-4873-9297-b13f5d9d1447.pdf,"https://imslp.org/wiki/Ciboulette_(Hahn,_Reynaldo)",https://imslp.org/wiki/Special:ImagefromIndex/980781/hfpb
C,Ciboulette,,,"Operettas; Theatrical Works; Operas; For voices, mixed chorus, orchestra; Scores featuring the voice; Scores featuring mixed chorus; Scores featuring the orchestra; For voices and chorus with orchestra; French language; For piano (arr); For 1 player (arr); Scores featuring the piano (arr)",器乐分谱,轻歌剧,"voices, chorus, orchestra",声乐、合唱、管弦乐队,单簧管分谱,法语,980782,"Clarinet 2 (A, B♭)",tabScore2,Public Domain,"Paris: Salabert, 2012 [©1923]. Plate E.A.S. 02336P. 原作版版本说明 此为原作版/评注版/学术版/科学版（或为单纯重新制谱版本）。任何受版权保护的评注或考订资料均不应包含于本站提供的扫描文件中。 在加拿大，对公有领域作品的新版本/重新制谱版本（不含新增原创内容时）因未达到原创性门槛，应属公有领域。在欧盟多数国家，此类版本（新增原创内容除外）通常自出版起受保护期不超过25年（波兰为30年），且仅当原作者版权过期后出版的版本适用此规则。在美国，版权仅适用于新增原创内容，对公有领域作品的重新制谱版本（不含原创素材）不构成新版权主张，尽管可能存在版权声明（此类声明仅应适用于新增内容）。 您可能需要核查作品的出版日期及首次出版详情以确定版权状态（尤其在美国），因原作版权或未过期。 更多信息可在此处查阅。请遵守您所在国的版权法规。IMSLP对下载非公有领域文件所引发的任何法律后果不承担任何形式的责任或义务。",True,downloaded,,,器乐分谱/18dca432-a418-4dfb-a236-fcb6ab0be8b3.pdf,"https://imslp.org/wiki/Ciboulette_(Hahn,_Reynaldo)",https://imslp.org/wiki/Special:ImagefromIndex/980782/hfpb
C,Ciboulette,,,"Operettas; Theatrical Works; Operas; For voices, mixed chorus, orchestra; Scores featuring the voice; Scores featuring mixed chorus; Scores featuring the orchestra; For voices and chorus with orchestra; French language; For piano (arr); For 1 player (arr); Scores featuring the piano (arr)",器乐分谱,轻歌剧,"voices, chorus, orchestra",声乐、合唱、管弦乐队,巴松分谱,法语,980783,Bassoon,tabScore2,Public Domain,"Paris: Salabert, 2012 [©1923]. Plate E.A.S. 02336P. 原作版版本说明 此为原作版/评注版/学术版/科学版（或为单纯重新制谱版本）。任何受版权保护的评注或考订资料均不应包含于本站提供的扫描文件中。 在加拿大，对公有领域作品的新版本/重新制谱版本（不含新增原创内容时）因未达到原创性门槛，应属公有领域。在欧盟多数国家，此类版本（新增原创内容除外）通常自出版起受保护期不超过25年（波兰为30年），且仅当原作者版权过期后出版的版本适用此规则。在美国，版权仅适用于新增原创内容，对公有领域作品的重新制谱版本（不含原创素材）不构成新版权主张，尽管可能存在版权声明（此类声明仅应适用于新增内容）。 您可能需要核查作品的出版日期及首次出版详情以确定版权状态（尤其在美国），因原作版权或未过期。 更多信息可在此处查阅。请遵守您所在国的版权法规。IMSLP对下载非公有领域文件所引发的任何法律后果不承担任何形式的责任或义务。",True,downloaded,,,器乐分谱/fe977fb6-83d8-449e-bb28-ef6eaad5f1d7.pdf,"https://imslp.org/wiki/Ciboulette_(Hahn,_Reynaldo)",https://imslp.org/wiki/Special:ImagefromIndex/980783/hfpb
C,Ciboulette,,,"Operettas; Theatrical Works; Operas; For voices, mixed chorus, orchestra; Scores featuring the voice; Scores featuring mixed chorus; Scores featuring the orchestra; For voices and chorus with orchestra; French language; For piano (arr); For 1 player (arr); Scores featuring the piano (arr)",器乐分谱,轻歌剧,"voices, chorus, orchestra",声乐、合唱、管弦乐队,圆号分谱,法语,980784,Horn 1 (F),tabScore2,Public Domain,"Paris: Salabert, 2012 [©1923]. Plate E.A.S. 02336P. 原作版版本说明 此为原作版/评注版/学术版/科学版（或为单纯重新制谱版本）。任何受版权保护的评注或考订资料均不应包含于本站提供的扫描文件中。 在加拿大，对公有领域作品的新版本/重新制谱版本（不含新增原创内容时）因未达到原创性门槛，应属公有领域。在欧盟多数国家，此类版本（新增原创内容除外）通常自出版起受保护期不超过25年（波兰为30年），且仅当原作者版权过期后出版的版本适用此规则。在美国，版权仅适用于新增原创内容，对公有领域作品的重新制谱版本（不含原创素材）不构成新版权主张，尽管可能存在版权声明（此类声明仅应适用于新增内容）。 您可能需要核查作品的出版日期及首次出版详情以确定版权状态（尤其在美国），因原作版权或未过期。 更多信息可在此处查阅。请遵守您所在国的版权法规。IMSLP对下载非公有领域文件所引发的任何法律后果不承担任何形式的责任或义务。",True,downloaded,,,器乐分谱/6cdb5ae2-2236-4337-b5dd-63b74e099569.pdf,"https://imslp.org/wiki/Ciboulette_(Hahn,_Reynaldo)",https://imslp.org/wiki/Special:ImagefromIndex/980784/hfpb
C,Ciboulette,,,"Operettas; Theatrical Works; Operas; For voices, mixed chorus, orchestra; Scores featuring the voice; Scores featuring mixed chorus; Scores featuring the orchestra; For voices and chorus with orchestra; French language; For piano (arr); For 1 player (arr); Scores featuring the piano (arr)",器乐分谱,轻歌剧,"voices, chorus, orchestra",声乐、合唱、管弦乐队,圆号分谱,法语,980785,Horn 2 (F),tabScore2,Public Domain,"Paris: Salabert, 2012 [©1923]. Plate E.A.S. 02336P. 原作版版本说明 此为原作版/评注版/学术版/科学版（或为单纯重新制谱版本）。任何受版权保护的评注或考订资料均不应包含于本站提供的扫描文件中。 在加拿大，对公有领域作品的新版本/重新制谱版本（不含新增原创内容时）因未达到原创性门槛，应属公有领域。在欧盟多数国家，此类版本（新增原创内容除外）通常自出版起受保护期不超过25年（波兰为30年），且仅当原作者版权过期后出版的版本适用此规则。在美国，版权仅适用于新增原创内容，对公有领域作品的重新制谱版本（不含原创素材）不构成新版权主张，尽管可能存在版权声明（此类声明仅应适用于新增内容）。 您可能需要核查作品的出版日期及首次出版详情以确定版权状态（尤其在美国），因原作版权或未过期。 更多信息可在此处查阅。请遵守您所在国的版权法规。IMSLP对下载非公有领域文件所引发的任何法律后果不承担任何形式的责任或义务。",True,downloaded,,,器乐分谱/253803f7-1298-4d97-aedc-a16c80d1a572.pdf,"https://imslp.org/wiki/Ciboulette_(Hahn,_Reynaldo)",https://imslp.org/wiki/Special:ImagefromIndex/980785/hfpb
C,Ciboulette,,,"Operettas; Theatrical Works; Operas; For voices, mixed chorus, orchestra; Scores featuring the voice; Scores featuring mixed chorus; Scores featuring the orchestra; For voices and chorus with orchestra; French language; For piano (arr); For 1 player (arr); Scores featuring the piano (arr)",器乐分谱,轻歌剧,"voices, chorus, orchestra",声乐、合唱、管弦乐队,小号分谱,法语,980786,Trumpet 1 (C),tabScore2,Public Domain,"Paris: Salabert, 2012 [©1923]. Plate E.A.S. 02336P. 原作版版本说明 此为原作版/评注版/学术版/科学版（或为单纯重新制谱版本）。任何受版权保护的评注或考订资料均不应包含于本站提供的扫描文件中。 在加拿大，对公有领域作品的新版本/重新制谱版本（不含新增原创内容时）因未达到原创性门槛，应属公有领域。在欧盟多数国家，此类版本（新增原创内容除外）通常自出版起受保护期不超过25年（波兰为30年），且仅当原作者版权过期后出版的版本适用此规则。在美国，版权仅适用于新增原创内容，对公有领域作品的重新制谱版本（不含原创素材）不构成新版权主张，尽管可能存在版权声明（此类声明仅应适用于新增内容）。 您可能需要核查作品的出版日期及首次出版详情以确定版权状态（尤其在美国），因原作版权或未过期。 更多信息可在此处查阅。请遵守您所在国的版权法规。IMSLP对下载非公有领域文件所引发的任何法律后果不承担任何形式的责任或义务。",True,downloaded,,,器乐分谱/8869b5f2-95c4-4831-b834-18abede59384.pdf,"https://imslp.org/wiki/Ciboulette_(Hahn,_Reynaldo)",https://imslp.org/wiki/Special:ImagefromIndex/980786/hfpb
C,Ciboulette,,,"Operettas; Theatrical Works; Operas; For voices, mixed chorus, orchestra; Scores featuring the voice; Scores featuring mixed chorus; Scores featuring the orchestra; For voices and chorus with orchestra; French language; For piano (arr); For 1 player (arr); Scores featuring the piano (arr)",器乐分谱,轻歌剧,"voices, chorus, orchestra",声乐、合唱、管弦乐队,小号分谱,法语,980787,Trumpet 2 (C),tabScore2,Public Domain,"Paris: Salabert, 2012 [©1923]. Plate E.A.S. 02336P. 原作版版本说明 此为原作版/评注版/学术版/科学版（或为单纯重新制谱版本）。任何受版权保护的评注或考订资料均不应包含于本站提供的扫描文件中。 在加拿大，对公有领域作品的新版本/重新制谱版本（不含新增原创内容时）因未达到原创性门槛，应属公有领域。在欧盟多数国家，此类版本（新增原创内容除外）通常自出版起受保护期不超过25年（波兰为30年），且仅当原作者版权过期后出版的版本适用此规则。在美国，版权仅适用于新增原创内容，对公有领域作品的重新制谱版本（不含原创素材）不构成新版权主张，尽管可能存在版权声明（此类声明仅应适用于新增内容）。 您可能需要核查作品的出版日期及首次出版详情以确定版权状态（尤其在美国），因原作版权或未过期。 更多信息可在此处查阅。请遵守您所在国的版权法规。IMSLP对下载非公有领域文件所引发的任何法律后果不承担任何形式的责任或义务。",True,downloaded,,,器乐分谱/ab8f5ffe-8281-4e77-b996-97235ec82b99.pdf,"https://imslp.org/wiki/Ciboulette_(Hahn,_Reynaldo)",https://imslp.org/wiki/Special:ImagefromIndex/980787/hfpb
C,Ciboulette,,,"Operettas; Theatrical Works; Operas; For voices, mixed chorus, orchestra; Scores featuring the voice; Scores featuring mixed chorus; Scores featuring the orchestra; For voices and chorus with orchestra; French language; For piano (arr); For 1 player (arr); Scores featuring the piano (arr)",器乐分谱,轻歌剧,"voices, chorus, orchestra",声乐、合唱、管弦乐队,长号分谱,法语,980788,Trombone 1,tabScore2,Public Domain,"Paris: Salabert, 2012 [©1923]. Plate E.A.S. 02336P. 原作版版本说明 此为原作版/评注版/学术版/科学版（或为单纯重新制谱版本）。任何受版权保护的评注或考订资料均不应包含于本站提供的扫描文件中。 在加拿大，对公有领域作品的新版本/重新制谱版本（不含新增原创内容时）因未达到原创性门槛，应属公有领域。在欧盟多数国家，此类版本（新增原创内容除外）通常自出版起受保护期不超过25年（波兰为30年），且仅当原作者版权过期后出版的版本适用此规则。在美国，版权仅适用于新增原创内容，对公有领域作品的重新制谱版本（不含原创素材）不构成新版权主张，尽管可能存在版权声明（此类声明仅应适用于新增内容）。 您可能需要核查作品的出版日期及首次出版详情以确定版权状态（尤其在美国），因原作版权或未过期。 更多信息可在此处查阅。请遵守您所在国的版权法规。IMSLP对下载非公有领域文件所引发的任何法律后果不承担任何形式的责任或义务。",True,downloaded,,,器乐分谱/1ef4991b-fb35-4f2a-923d-b216ee9eb36a.pdf,"https://imslp.org/wiki/Ciboulette_(Hahn,_Reynaldo)",https://imslp.org/wiki/Special:ImagefromIndex/980788/hfpb
C,Ciboulette,,,"Operettas; Theatrical Works; Operas; For voices, mixed chorus, orchestra; Scores featuring the voice; Scores featuring mixed chorus; Scores featuring the orchestra; For voices and chorus with orchestra; French language; For piano (arr); For 1 player (arr); Scores featuring the piano (arr)",器乐分谱,轻歌剧,"voices, chorus, orchestra",声乐、合唱、管弦乐队,长号分谱,法语,980789,Trombone 2,tabScore2,Public Domain,"Paris: Salabert, 2012 [©1923]. Plate E.A.S. 02336P. 原作版版本说明 此为原作版/评注版/学术版/科学版（或为单纯重新制谱版本）。任何受版权保护的评注或考订资料均不应包含于本站提供的扫描文件中。 在加拿大，对公有领域作品的新版本/重新制谱版本（不含新增原创内容时）因未达到原创性门槛，应属公有领域。在欧盟多数国家，此类版本（新增原创内容除外）通常自出版起受保护期不超过25年（波兰为30年），且仅当原作者版权过期后出版的版本适用此规则。在美国，版权仅适用于新增原创内容，对公有领域作品的重新制谱版本（不含原创素材）不构成新版权主张，尽管可能存在版权声明（此类声明仅应适用于新增内容）。 您可能需要核查作品的出版日期及首次出版详情以确定版权状态（尤其在美国），因原作版权或未过期。 更多信息可在此处查阅。请遵守您所在国的版权法规。IMSLP对下载非公有领域文件所引发的任何法律后果不承担任何形式的责任或义务。",True,downloaded,,,器乐分谱/5dfa8d5a-5fbc-455f-a7d8-9335e66f90bf.pdf,"https://imslp.org/wiki/Ciboulette_(Hahn,_Reynaldo)",https://imslp.org/wiki/Special:ImagefromIndex/980789/hfpb
C,Ciboulette,,,"Operettas; Theatrical Works; Operas; For voices, mixed chorus, orchestra; Scores featuring the voice; Scores featuring mixed chorus; Scores featuring the orchestra; For voices and chorus with orchestra; French language; For piano (arr); For 1 player (arr); Scores featuring the piano (arr)",器乐分谱,轻歌剧,"voices, chorus, orchestra",声乐、合唱、管弦乐队,长号分谱,法语,980790,Trombone 3,tabScore2,Public Domain,"Paris: Salabert, 2012 [©1923]. Plate E.A.S. 02336P. 原作版版本说明 此为原作版/评注版/学术版/科学版（或为单纯重新制谱版本）。任何受版权保护的评注或考订资料均不应包含于本站提供的扫描文件中。 在加拿大，对公有领域作品的新版本/重新制谱版本（不含新增原创内容时）因未达到原创性门槛，应属公有领域。在欧盟多数国家，此类版本（新增原创内容除外）通常自出版起受保护期不超过25年（波兰为30年），且仅当原作者版权过期后出版的版本适用此规则。在美国，版权仅适用于新增原创内容，对公有领域作品的重新制谱版本（不含原创素材）不构成新版权主张，尽管可能存在版权声明（此类声明仅应适用于新增内容）。 您可能需要核查作品的出版日期及首次出版详情以确定版权状态（尤其在美国），因原作版权或未过期。 更多信息可在此处查阅。请遵守您所在国的版权法规。IMSLP对下载非公有领域文件所引发的任何法律后果不承担任何形式的责任或义务。",True,downloaded,,,器乐分谱/0c9cc6ed-75da-405d-941a-9ce95a8f86fd.pdf,"https://imslp.org/wiki/Ciboulette_(Hahn,_Reynaldo)",https://imslp.org/wiki/Special:ImagefromIndex/980790/hfpb
C,Ciboulette,,,"Operettas; Theatrical Works; Operas; For voices, mixed chorus, orchestra; Scores featuring the voice; Scores featuring mixed chorus; Scores featuring the orchestra; For voices and chorus with orchestra; French language; For piano (arr); For 1 player (arr); Scores featuring the piano (arr)",器乐分谱,轻歌剧,"voices, chorus, orchestra",声乐、合唱、管弦乐队,定音鼓分谱,法语,980791,Timpani,tabScore2,Public Domain,"Paris: Salabert, 2012 [©1923]. Plate E.A.S. 02336P. 原作版版本说明 此为原作版/评注版/学术版/科学版（或为单纯重新制谱版本）。任何受版权保护的评注或考订资料均不应包含于本站提供的扫描文件中。 在加拿大，对公有领域作品的新版本/重新制谱版本（不含新增原创内容时）因未达到原创性门槛，应属公有领域。在欧盟多数国家，此类版本（新增原创内容除外）通常自出版起受保护期不超过25年（波兰为30年），且仅当原作者版权过期后出版的版本适用此规则。在美国，版权仅适用于新增原创内容，对公有领域作品的重新制谱版本（不含原创素材）不构成新版权主张，尽管可能存在版权声明（此类声明仅应适用于新增内容）。 您可能需要核查作品的出版日期及首次出版详情以确定版权状态（尤其在美国），因原作版权或未过期。 更多信息可在此处查阅。请遵守您所在国的版权法规。IMSLP对下载非公有领域文件所引发的任何法律后果不承担任何形式的责任或义务。",True,downloaded,,,器乐分谱/a736ff7e-b65f-48f6-b4dc-a61f08ab69ca.pdf,"https://imslp.org/wiki/Ciboulette_(Hahn,_Reynaldo)",https://imslp.org/wiki/Special:ImagefromIndex/980791/hfpb
C,Ciboulette,,,"Operettas; Theatrical Works; Operas; For voices, mixed chorus, orchestra; Scores featuring the voice; Scores featuring mixed chorus; Scores featuring the orchestra; For voices and chorus with orchestra; French language; For piano (arr); For 1 player (arr); Scores featuring the piano (arr)",器乐分谱,轻歌剧,"voices, chorus, orchestra",声乐、合唱、管弦乐队,打击乐分谱,法语,980792,Percussion,tabScore2,Public Domain,"Paris: Salabert, 2012 [©1923]. Plate E.A.S. 02336P. 原作版版本说明 此为原作版/评注版/学术版/科学版（或为单纯重新制谱版本）。任何受版权保护的评注或考订资料均不应包含于本站提供的扫描文件中。 在加拿大，对公有领域作品的新版本/重新制谱版本（不含新增原创内容时）因未达到原创性门槛，应属公有领域。在欧盟多数国家，此类版本（新增原创内容除外）通常自出版起受保护期不超过25年（波兰为30年），且仅当原作者版权过期后出版的版本适用此规则。在美国，版权仅适用于新增原创内容，对公有领域作品的重新制谱版本（不含原创素材）不构成新版权主张，尽管可能存在版权声明（此类声明仅应适用于新增内容）。 您可能需要核查作品的出版日期及首次出版详情以确定版权状态（尤其在美国），因原作版权或未过期。 更多信息可在此处查阅。请遵守您所在国的版权法规。IMSLP对下载非公有领域文件所引发的任何法律后果不承担任何形式的责任或义务。",True,downloaded,,,器乐分谱/06c30e1d-3881-4b6a-baf2-9245bcc2804f.pdf,"https://imslp.org/wiki/Ciboulette_(Hahn,_Reynaldo)",https://imslp.org/wiki/Special:ImagefromIndex/980792/hfpb
C,Ciboulette,,,"Operettas; Theatrical Works; Operas; For voices, mixed chorus, orchestra; Scores featuring the voice; Scores featuring mixed chorus; Scores featuring the orchestra; For voices and chorus with orchestra; French language; For piano (arr); For 1 player (arr); Scores featuring the piano (arr)",器乐分谱,轻歌剧,"voices, chorus, orchestra",声乐、合唱、管弦乐队,第一小提琴分谱,法语,980798,Violins I,tabScore2,Public Domain,"Paris: Salabert, 2012 [©1923]. Plate E.A.S. 02336P. 原作版版本说明 此为原作版/评注版/学术版/科学版（或为单纯重新制谱版本）。任何受版权保护的评注或考订资料均不应包含于本站提供的扫描文件中。 在加拿大，对公有领域作品的新版本/重新制谱版本（不含新增原创内容时）因未达到原创性门槛，应属公有领域。在欧盟多数国家，此类版本（新增原创内容除外）通常自出版起受保护期不超过25年（波兰为30年），且仅当原作者版权过期后出版的版本适用此规则。在美国，版权仅适用于新增原创内容，对公有领域作品的重新制谱版本（不含原创素材）不构成新版权主张，尽管可能存在版权声明（此类声明仅应适用于新增内容）。 您可能需要核查作品的出版日期及首次出版详情以确定版权状态（尤其在美国），因原作版权或未过期。 更多信息可在此处查阅。请遵守您所在国的版权法规。IMSLP对下载非公有领域文件所引发的任何法律后果不承担任何形式的责任或义务。",True,downloaded,,,器乐分谱/a1e90c5c-05ca-45e9-85c6-d200fc6341f5.pdf,"https://imslp.org/wiki/Ciboulette_(Hahn,_Reynaldo)",https://imslp.org/wiki/Special:ImagefromIndex/980798/hfpb
C,Ciboulette,,,"Operettas; Theatrical Works; Operas; For voices, mixed chorus, orchestra; Scores featuring the voice; Scores featuring mixed chorus; Scores featuring the orchestra; For voices and chorus with orchestra; French language; For piano (arr); For 1 player (arr); Scores featuring the piano (arr)",器乐分谱,轻歌剧,"voices, chorus, orchestra",声乐、合唱、管弦乐队,第二小提琴分谱,法语,980799,Violins II,tabScore2,Public Domain,"Paris: Salabert, 2012 [©1923]. Plate E.A.S. 02336P. 原作版版本说明 此为原作版/评注版/学术版/科学版（或为单纯重新制谱版本）。任何受版权保护的评注或考订资料均不应包含于本站提供的扫描文件中。 在加拿大，对公有领域作品的新版本/重新制谱版本（不含新增原创内容时）因未达到原创性门槛，应属公有领域。在欧盟多数国家，此类版本（新增原创内容除外）通常自出版起受保护期不超过25年（波兰为30年），且仅当原作者版权过期后出版的版本适用此规则。在美国，版权仅适用于新增原创内容，对公有领域作品的重新制谱版本（不含原创素材）不构成新版权主张，尽管可能存在版权声明（此类声明仅应适用于新增内容）。 您可能需要核查作品的出版日期及首次出版详情以确定版权状态（尤其在美国），因原作版权或未过期。 更多信息可在此处查阅。请遵守您所在国的版权法规。IMSLP对下载非公有领域文件所引发的任何法律后果不承担任何形式的责任或义务。",True,downloaded,,,器乐分谱/1f9ae26a-cb82-4297-8db9-8e059fc1de53.pdf,"https://imslp.org/wiki/Ciboulette_(Hahn,_Reynaldo)",https://imslp.org/wiki/Special:ImagefromIndex/980799/hfpb
C,Ciboulette,,,"Operettas; Theatrical Works; Operas; For voices, mixed chorus, orchestra; Scores featuring the voice; Scores featuring mixed chorus; Scores featuring the orchestra; For voices and chorus with orchestra; French language; For piano (arr); For 1 player (arr); Scores featuring the piano (arr)",器乐分谱,轻歌剧,"voices, chorus, orchestra",声乐、合唱、管弦乐队,中提琴分谱,法语,980800,Violas,tabScore2,Public Domain,"Paris: Salabert, 2012 [©1923]. Plate E.A.S. 02336P. 原作版版本说明 此为原作版/评注版/学术版/科学版（或为单纯重新制谱版本）。任何受版权保护的评注或考订资料均不应包含于本站提供的扫描文件中。 在加拿大，对公有领域作品的新版本/重新制谱版本（不含新增原创内容时）因未达到原创性门槛，应属公有领域。在欧盟多数国家，此类版本（新增原创内容除外）通常自出版起受保护期不超过25年（波兰为30年），且仅当原作者版权过期后出版的版本适用此规则。在美国，版权仅适用于新增原创内容，对公有领域作品的重新制谱版本（不含原创素材）不构成新版权主张，尽管可能存在版权声明（此类声明仅应适用于新增内容）。 您可能需要核查作品的出版日期及首次出版详情以确定版权状态（尤其在美国），因原作版权或未过期。 更多信息可在此处查阅。请遵守您所在国的版权法规。IMSLP对下载非公有领域文件所引发的任何法律后果不承担任何形式的责任或义务。",True,downloaded,,,器乐分谱/9a560961-89f3-476a-9a7a-99057137a049.pdf,"https://imslp.org/wiki/Ciboulette_(Hahn,_Reynaldo)",https://imslp.org/wiki/Special:ImagefromIndex/980800/hfpb
C,Ciboulette,,,"Operettas; Theatrical Works; Operas; For voices, mixed chorus, orchestra; Scores featuring the voice; Scores featuring mixed chorus; Scores featuring the orchestra; For voices and chorus with orchestra; French language; For piano (arr); For 1 player (arr); Scores featuring the piano (arr)",器乐分谱,轻歌剧,"voices, chorus, orchestra",声乐、合唱、管弦乐队,大提琴分谱,法语,980801,Cellos,tabScore2,Public Domain,"Paris: Salabert, 2012 [©1923]. Plate E.A.S. 02336P. 原作版版本说明 此为原作版/评注版/学术版/科学版（或为单纯重新制谱版本）。任何受版权保护的评注或考订资料均不应包含于本站提供的扫描文件中。 在加拿大，对公有领域作品的新版本/重新制谱版本（不含新增原创内容时）因未达到原创性门槛，应属公有领域。在欧盟多数国家，此类版本（新增原创内容除外）通常自出版起受保护期不超过25年（波兰为30年），且仅当原作者版权过期后出版的版本适用此规则。在美国，版权仅适用于新增原创内容，对公有领域作品的重新制谱版本（不含原创素材）不构成新版权主张，尽管可能存在版权声明（此类声明仅应适用于新增内容）。 您可能需要核查作品的出版日期及首次出版详情以确定版权状态（尤其在美国），因原作版权或未过期。 更多信息可在此处查阅。请遵守您所在国的版权法规。IMSLP对下载非公有领域文件所引发的任何法律后果不承担任何形式的责任或义务。",True,downloaded,,,器乐分谱/8b94373c-08ef-4581-b632-8390ec742a2d.pdf,"https://imslp.org/wiki/Ciboulette_(Hahn,_Reynaldo)",https://imslp.org/wiki/Special:ImagefromIndex/980801/hfpb
C,Ciboulette,,,"Operettas; Theatrical Works; Operas; For voices, mixed chorus, orchestra; Scores featuring the voice; Scores featuring mixed chorus; Scores featuring the orchestra; For voices and chorus with orchestra; French language; For piano (arr); For 1 player (arr); Scores featuring the piano (arr)",器乐分谱,轻歌剧,"voices, chorus, orchestra",声乐、合唱、管弦乐队,低音提琴分谱,法语,980793,Basses,tabScore2,Public Domain,"Paris: Salabert, 2012 [©1923]. Plate E.A.S. 02336P. 原作版版本说明 此为原作版/评注版/学术版/科学版（或为单纯重新制谱版本）。任何受版权保护的评注或考订资料均不应包含于本站提供的扫描文件中。 在加拿大，对公有领域作品的新版本/重新制谱版本（不含新增原创内容时）因未达到原创性门槛，应属公有领域。在欧盟多数国家，此类版本（新增原创内容除外）通常自出版起受保护期不超过25年（波兰为30年），且仅当原作者版权过期后出版的版本适用此规则。在美国，版权仅适用于新增原创内容，对公有领域作品的重新制谱版本（不含原创素材）不构成新版权主张，尽管可能存在版权声明（此类声明仅应适用于新增内容）。 您可能需要核查作品的出版日期及首次出版详情以确定版权状态（尤其在美国），因原作版权或未过期。 更多信息可在此处查阅。请遵守您所在国的版权法规。IMSLP对下载非公有领域文件所引发的任何法律后果不承担任何形式的责任或义务。",True,downloaded,,,器乐分谱/863bfd7c-7b78-4d8d-b2b8-08bbe4ea3c66.pdf,"https://imslp.org/wiki/Ciboulette_(Hahn,_Reynaldo)",https://imslp.org/wiki/Special:ImagefromIndex/980793/hfpb
C,Ciboulette,,,"Operettas; Theatrical Works; Operas; For voices, mixed chorus, orchestra; Scores featuring the voice; Scores featuring mixed chorus; Scores featuring the orchestra; For voices and chorus with orchestra; French language; For piano (arr); For 1 player (arr); Scores featuring the piano (arr)",歌剧总谱,轻歌剧,"voices, chorus, orchestra",声乐、合唱、管弦乐队,声乐谱,法语,103216,Complete Score,tabScore3,Public Domain,"Paris: Salabert, 1923. Plate E.A.S. 2336.",True,downloaded,,,歌剧总谱/2f40dd2f-80a3-4709-b0bd-d2f28814b83e.pdf,"https://imslp.org/wiki/Ciboulette_(Hahn,_Reynaldo)",https://imslp.org/wiki/Special:ImagefromIndex/103216/hfpb
C,Ciboulette,,,"Operettas; Theatrical Works; Operas; For voices, mixed chorus, orchestra; Scores featuring the voice; Scores featuring mixed chorus; Scores featuring the orchestra; For voices and chorus with orchestra; French language; For piano (arr); For 1 player (arr); Scores featuring the piano (arr)",歌剧总谱,轻歌剧,"voices, chorus, orchestra",声乐、合唱、管弦乐队,声乐、合唱、管弦乐队,法语,653997,下载这个文件,tabArrTrans,Public Domain,"Paris: Salabert, 1923. Plate E.A.S. 2731.",True,downloaded,,,歌剧总谱/19561bfd-44ed-485d-85cb-664cce41d0f6.pdf,"https://imslp.org/wiki/Ciboulette_(Hahn,_Reynaldo)",https://imslp.org/wiki/Special:ImagefromIndex/653997/hfpb
C,Cimetière de Campagne,B-flat major,降B大调,"Songs; For voice, piano; For voices with keyboard; Scores featuring the voice; Scores featuring the piano; French language; For piano (arr); For 1 player (arr); Scores featuring the piano (arr)",艺术歌曲,,"voice, piano",声乐、钢琴,声乐、钢琴,法语,90041,Complete Score,tabScore1,Public Domain,"Paris: Heugel, n.d.(1894). Plate 8315.",True,downloaded,,,艺术歌曲/532f2cfe-4811-4cdb-87f7-119bf1d657ed.pdf,"https://imslp.org/wiki/Cimeti%C3%A8re_de_campagne_(Hahn,_Reynaldo)",https://imslp.org/wiki/Special:ImagefromIndex/90041/hfpb
C,Cimetière de Campagne,B-flat major,降B大调,"Songs; For voice, piano; For voices with keyboard; Scores featuring the voice; Scores featuring the piano; French language; For piano (arr); For 1 player (arr); Scores featuring the piano (arr)",艺术歌曲,,"voice, piano",声乐、钢琴,声乐、钢琴,法语,824921,Complete Score,tabArrTrans,Public Domain,"Paris: Heugel, 1894-1923. Plate H. 28,491.",True,downloaded,,,艺术歌曲/bbb26a10-304d-4426-ab4b-7e15c687cad3.pdf,"https://imslp.org/wiki/Cimeti%C3%A8re_de_campagne_(Hahn,_Reynaldo)",https://imslp.org/wiki/Special:ImagefromIndex/824921/hfpb
C,La colombe de Bouddha,,,"Lyric operas; Theatrical Works; Operas; For voices, mixed chorus, orchestra; Scores featuring the voice; Scores featuring mixed chorus; Scores featuring the orchestra; For voices and chorus with orchestra; French language",歌剧总谱,抒情歌剧,"Vocal soloists, Chorus, Orchestra",独唱、合唱、管弦乐队,独唱、合唱、管弦乐队,法语,104966,Complete Score,tabScore1,Public Domain,"Paris: Heugel, 1921. Plate H. & Cie. 27,754.",True,downloaded,,,歌剧总谱/0a61230a-4fee-44e3-94d8-d55de4e0fa0d.pdf,"https://imslp.org/wiki/La_colombe_de_Bouddha_(Hahn,_Reynaldo)",https://imslp.org/wiki/Special:ImagefromIndex/104966/hfpb
C,Les cygnes,,,"Songs; For voice, piano; For voices with keyboard; Scores featuring the voice; Scores featuring the piano; French language",艺术歌曲,,"voice, piano",声乐、钢琴,声乐、钢琴,法语,90044,Complete Score,tabScore1,Public Domain,"Paris: Heugel, n.d. (1894). Plate 8315",True,downloaded,,,艺术歌曲/974252b4-2a2b-490f-bfc1-bab649de571f.pdf,"https://imslp.org/wiki/Les_cygnes_(Hahn,_Reynaldo)",https://imslp.org/wiki/Special:ImagefromIndex/90044/hfpb
D,D'une prison,,,"Songs; For voice, piano; For voices with keyboard; Scores featuring the voice; Scores featuring the piano; French language; For piano (arr); For 1 player (arr); Scores featuring the piano (arr)",艺术歌曲,,"voice, piano",声乐、钢琴,声乐、钢琴,法语,86059,Complete Score,tabScore1,Public Domain,"Paris: Heugel, n.d.(1888). Plate 8315.",True,downloaded,,,艺术歌曲/92180270-d430-46fe-bb0e-0a06081703a3.pdf,"https://imslp.org/wiki/D%27une_prison_(Hahn,_Reynaldo)",https://imslp.org/wiki/Special:ImagefromIndex/86059/hfpb
D,D'une prison,,,"Songs; For voice, piano; For voices with keyboard; Scores featuring the voice; Scores featuring the piano; French language; For piano (arr); For 1 player (arr); Scores featuring the piano (arr)",艺术歌曲,,"voice, piano",声乐、钢琴,声乐、钢琴,法语,824895,Complete Score,tabArrTrans,Public Domain,"Paris: Heugel, 1894-1923. Plate H. 28,492.",True,downloaded,,,艺术歌曲/f3c02fcf-470b-4280-8202-2e9fb4eb4279.pdf,"https://imslp.org/wiki/D%27une_prison_(Hahn,_Reynaldo)",https://imslp.org/wiki/Special:ImagefromIndex/824895/hfpb
D,Dans la nuit,,,"Songs; For voice, piano; For voices with keyboard; Scores featuring the voice; Scores featuring the piano; French language",艺术歌曲,,"Voice, Piano",声乐、钢琴,声乐、钢琴,法语,91699,Complete Score,tabScore1,Public Domain,"Mélodies de Reynaldo Hahn, Vol.2, No.12Paris: Heugel, n.d. Plate H. 27,627",True,downloaded,,,艺术歌曲/12956cdb-ff55-4033-84ae-48434438ae90.pdf,"https://imslp.org/wiki/Dans_la_nuit_(Hahn,_Reynaldo)",https://imslp.org/wiki/Special:ImagefromIndex/91699/hfpb
D,La danse de Dorimène,A minor,a小调,Dances; For piano; Scores featuring the piano; For 1 player,器乐独奏,舞曲,piano (with mimes),钢琴（withmimes）,钢琴（withmimes）,,824556,Complete Score,tabScore1,Creative Commons Attribution-NonCommercial-ShareAlike 4.0,"Morel, 2022.",True,blocked,Error: No direct PDF URL,,器乐独奏/bf2544f3-964a-4545-a427-866d1325fdd5.pdf,"https://imslp.org/wiki/La_danse_de_Dorim%C3%A8ne_(Hahn,_Reynaldo)",https://imslp.org/wiki/Special:ImagefromIndex/824556/hfpb
D,La délaissée,,,"Songs; For voice, piano; For voices with keyboard; Scores featuring the voice; Scores featuring the piano; French language",艺术歌曲,,"Voice, Piano",声乐、钢琴,声乐、钢琴,法语,91808,Complete Score,tabScore1,Public Domain,"Mélodies de Reynaldo Hahn, Vol.2, No.3Paris: Heugel, 1898. Plate H. 27,627",True,downloaded,,,艺术歌曲/8ab4997b-679e-44cd-a36f-d63909420efb.pdf,"https://imslp.org/wiki/La_d%C3%A9laiss%C3%A9e_(Hahn,_Reynaldo)",https://imslp.org/wiki/Special:ImagefromIndex/91808/hfpb
D,Dernier vœu,,,"Songs; For voice, piano; For voices with keyboard; Scores featuring the voice; Scores featuring the piano; French language",艺术歌曲,,"voice, piano",声乐、钢琴,声乐、钢琴,法语,90042,Complete Score,tabScore1,Public Domain,"Paris: Heugel, n.d. (1894). Plate 8315",True,downloaded,,,艺术歌曲/ce66f800-6c06-4ce0-95f3-2520a63a2e2a.pdf,"https://imslp.org/wiki/Dernier_v%C5%93u_(Hahn,_Reynaldo)",https://imslp.org/wiki/Special:ImagefromIndex/90042/hfpb
D,Le dieu bleu,,,Ballets; Theatrical Works; For orchestra; Scores featuring the orchestra; For piano (arr); For 1 player (arr); Scores featuring the piano (arr),管弦乐/交响曲,芭蕾舞剧,Orchestra,管弦乐队,管弦乐队,,90807,Complete Score,tabArrTrans,Public Domain - Non-PD EU,"Paris: Heugel & Cie., 1911. Plate H. & Cie. 25,224.",True,downloaded,,,管弦乐/交响曲/3f556ac8-4a51-49ff-ba04-49e5d2aa6964.pdf,"https://imslp.org/wiki/Le_dieu_bleu_(Hahn,_Reynaldo)",https://imslp.org/wiki/Special:ImagefromIndex/90807/hfpb
D,La Douce Paix,,,"Songs; For voice, piano; For voices with keyboard; Scores featuring the voice; Scores featuring the piano; French language",艺术歌曲,,"Voice, Piano",声乐、钢琴,声乐、钢琴,法语,87421,Complete Score,tabScore1,Public Domain - Non-PD EU,"Paris: Heugel, n.d. (1921). Plate 27627",True,downloaded,,,艺术歌曲/c394b673-a63b-4dc5-8314-a720365798b4.pdf,"https://imslp.org/wiki/La_douce_paix_(Hahn,_Reynaldo)",https://imslp.org/wiki/Special:ImagefromIndex/87421/hfpb
E,L'Énamourée,,,"Songs; For voice, piano; For voices with keyboard; Scores featuring the voice; Scores featuring the piano; French language",艺术歌曲,,Voice and piano,声乐、钢琴,声乐、钢琴,法语,86266,Complete Score,tabScore1,Public Domain,"Paris: Heugel, n.d.[1888]. Plate 8315.",True,downloaded,,,艺术歌曲/73a018e9-27bc-4c75-abc2-d905db7c4c97.pdf,"https://imslp.org/wiki/L%27%C3%A9namour%C3%A9e_(Hahn,_Reynaldo)",https://imslp.org/wiki/Special:ImagefromIndex/86266/hfpb
E,Esther,,,"Incidental music; Theatrical Works; For 2 voices, mixed chorus, orchestra; For voices and chorus with orchestra; Scores featuring the voice; Scores featuring the soprano voice; Scores featuring the alto voice; Scores featuring mixed chorus; Scores featuring the orchestra; French language",合唱作品,戏剧配乐,"soprano, contralto, mixed chorus, orchestra",女高音、女低音、混声合唱、管弦乐队,女高音、女低音、混声合唱、管弦乐队,法语,22318,下载这个文件,tabScore1,Public Domain,"Paris: Heugel & Cie., n.d. (ca 1905), Plate H. & Cie. 21.872",True,downloaded,,,合唱作品/92cbb7cf-c0b0-48aa-9f45-f7b96fa8890b.pdf,"https://imslp.org/wiki/Esther_(Hahn,_Reynaldo)",https://imslp.org/wiki/Special:ImagefromIndex/22318/hfpb
E,Esther,,,"Incidental music; Theatrical Works; For 2 voices, mixed chorus, orchestra; For voices and chorus with orchestra; Scores featuring the voice; Scores featuring the soprano voice; Scores featuring the alto voice; Scores featuring mixed chorus; Scores featuring the orchestra; French language",合唱作品,戏剧配乐,"soprano, contralto, mixed chorus, orchestra",女高音、女低音、混声合唱、管弦乐队,女高音、女低音、混声合唱、管弦乐队,法语,22319,Act I,tabScore1,Public Domain,"Paris: Heugel & Cie., n.d. (ca 1905), Plate H. & Cie. 21.872",True,downloaded,,,合唱作品/6894d0e9-eaf2-4488-aa00-066741fd9dd1.pdf,"https://imslp.org/wiki/Esther_(Hahn,_Reynaldo)",https://imslp.org/wiki/Special:ImagefromIndex/22319/hfpb
E,Esther,,,"Incidental music; Theatrical Works; For 2 voices, mixed chorus, orchestra; For voices and chorus with orchestra; Scores featuring the voice; Scores featuring the soprano voice; Scores featuring the alto voice; Scores featuring mixed chorus; Scores featuring the orchestra; French language",合唱作品,戏剧配乐,"soprano, contralto, mixed chorus, orchestra",女高音、女低音、混声合唱、管弦乐队,女高音、女低音、混声合唱、管弦乐队,法语,22320,Act II,tabScore1,Public Domain,"Paris: Heugel & Cie., n.d. (ca 1905), Plate H. & Cie. 21.872",True,downloaded,,,合唱作品/2518d13b-7e22-42f4-b4c6-f2a1bfd1bedd.pdf,"https://imslp.org/wiki/Esther_(Hahn,_Reynaldo)",https://imslp.org/wiki/Special:ImagefromIndex/22320/hfpb
E,Esther,,,"Incidental music; Theatrical Works; For 2 voices, mixed chorus, orchestra; For voices and chorus with orchestra; Scores featuring the voice; Scores featuring the soprano voice; Scores featuring the alto voice; Scores featuring mixed chorus; Scores featuring the orchestra; French language",合唱作品,戏剧配乐,"soprano, contralto, mixed chorus, orchestra",女高音、女低音、混声合唱、管弦乐队,女高音、女低音、混声合唱、管弦乐队,法语,22321,Act III,tabScore1,Public Domain,"Paris: Heugel & Cie., n.d. (ca 1905), Plate H. & Cie. 21.872",True,downloaded,,,合唱作品/06b0aad1-02b1-40be-a296-0cc49b1456f0.pdf,"https://imslp.org/wiki/Esther_(Hahn,_Reynaldo)",https://imslp.org/wiki/Special:ImagefromIndex/22321/hfpb
E,Etudes latines,,,"Studies; For voice, piano; For voices with keyboard; Scores featuring the voice; Scores featuring the piano; French language",器乐独奏,练习曲,"voice, piano",声乐、钢琴,声乐、钢琴,法语,90808,Complete Score,tabScore1,Public Domain,"Paris: Heugel & Cie., 1900. Plate H. & Cie. 20,174-82, 8329.",False,pending,,本地目录已有同名 Hahn 作品,器乐独奏/10e254c1-359f-4764-9cc9-5c149fe21971.pdf,"https://imslp.org/wiki/%C3%89tudes_latines_(Hahn,_Reynaldo)",https://imslp.org/wiki/Special:ImagefromIndex/90808/hfpb
E,Etudes latines,,,"Studies; For voice, piano; For voices with keyboard; Scores featuring the voice; Scores featuring the piano; French language",器乐独奏,练习曲,"voice, piano",声乐、钢琴,声乐、钢琴,法语,591362,7. Tyndaris (low voice),tabScore1,Creative Commons Attribution-NonCommercial-ShareAlike 4.0,"Iain Sneddon, 2019.",False,pending,,本地目录已有同名 Hahn 作品,器乐独奏/7c07395f-c1b0-467b-b5d6-f0c6f8973a3c.pdf,"https://imslp.org/wiki/%C3%89tudes_latines_(Hahn,_Reynaldo)",https://imslp.org/wiki/Special:ImagefromIndex/591362/hfpb
E,2 Études,,,Studies; For piano; Scores featuring the piano; For 1 player,器乐独奏,练习曲,piano,钢琴,钢琴独奏,,45454,Complete Score,tabScore1,Public Domain,"Paris: Heugel & Cie., 1927. Plate 29,728.",True,downloaded,,,器乐独奏/da95383f-4dc6-4629-8f66-a9894e9388b7.pdf,"https://imslp.org/wiki/2_%C3%89tudes_(Hahn,_Reynaldo)",https://imslp.org/wiki/Special:ImagefromIndex/45454/hfpb
F,La fête chez Thérèse,,,Ballets; Theatrical Works; For orchestra; Scores featuring the orchestra; For piano (arr); For 1 player (arr); Scores featuring the piano (arr); For orchestra (arr); Scores featuring the orchestra (arr),管弦乐/交响曲,芭蕾舞剧,Orchestra,管弦乐队,管弦乐队,,244353,Complete Score,tabScore1,Public Domain,"Paris: Heugel, 1910. Plate H. & Cie. 24773.",True,downloaded,,,管弦乐/交响曲/9fbc65bd-b608-443e-925b-f907e29aea85.pdf,"https://imslp.org/wiki/La_f%C3%AAte_chez_Th%C3%A9r%C3%A8se_(Hahn,_Reynaldo)",https://imslp.org/wiki/Special:ImagefromIndex/244353/hfpb
F,La fête chez Thérèse,,,Ballets; Theatrical Works; For orchestra; Scores featuring the orchestra; For piano (arr); For 1 player (arr); Scores featuring the piano (arr); For orchestra (arr); Scores featuring the orchestra (arr),管弦乐/交响曲,芭蕾舞剧,Orchestra,管弦乐队,管弦乐队,,244354,Complete Score,tabScore1,Public Domain,"Paris: Heugel, 1910. Plate H. & Cie. 24773.",True,downloaded,,,管弦乐/交响曲/71a5b7b9-d279-44f5-bec6-9e44176c45d1.pdf,"https://imslp.org/wiki/La_f%C3%AAte_chez_Th%C3%A9r%C3%A8se_(Hahn,_Reynaldo)",https://imslp.org/wiki/Special:ImagefromIndex/244354/hfpb
F,La fête chez Thérèse,,,Ballets; Theatrical Works; For orchestra; Scores featuring the orchestra; For piano (arr); For 1 player (arr); Scores featuring the piano (arr); For orchestra (arr); Scores featuring the orchestra (arr),管弦乐/交响曲,芭蕾舞剧,Orchestra,管弦乐队,管弦乐队,,244355,Complete Score,tabArrTrans,Public Domain,"Paris: Heugel, 1909. Plate H. & Cie. 24131.",True,downloaded,,,管弦乐/交响曲/2dc7623c-67e4-419d-8eaa-9a52e746dd07.pdf,"https://imslp.org/wiki/La_f%C3%AAte_chez_Th%C3%A9r%C3%A8se_(Hahn,_Reynaldo)",https://imslp.org/wiki/Special:ImagefromIndex/244355/hfpb
F,La fête chez Thérèse,,,Ballets; Theatrical Works; For orchestra; Scores featuring the orchestra; For piano (arr); For 1 player (arr); Scores featuring the piano (arr); For orchestra (arr); Scores featuring the orchestra (arr),管弦乐/交响曲,芭蕾舞剧,Orchestra,管弦乐队,管弦乐队,,22316,下载这个文件,tabArrTrans,Public Domain,"Paris: Heugel, 1910. Plate H. & Cie. 24625.",True,downloaded,,,管弦乐/交响曲/88d1ba48-b7b5-4272-9459-5aed931d606c.pdf,"https://imslp.org/wiki/La_f%C3%AAte_chez_Th%C3%A9r%C3%A8se_(Hahn,_Reynaldo)",https://imslp.org/wiki/Special:ImagefromIndex/22316/hfpb
F,La fête chez Thérèse,,,Ballets; Theatrical Works; For orchestra; Scores featuring the orchestra; For piano (arr); For 1 player (arr); Scores featuring the piano (arr); For orchestra (arr); Scores featuring the orchestra (arr),管弦乐/交响曲,芭蕾舞剧,Orchestra,管弦乐队,管弦乐队,,22317,下载这个文件,tabArrTrans,Public Domain,"Paris: Heugel, 1910. Plate H. & Cie. 24625.",True,downloaded,,,管弦乐/交响曲/f44de12f-44d2-4dc4-8ce4-b1206b0f2b6e.pdf,"https://imslp.org/wiki/La_f%C3%AAte_chez_Th%C3%A9r%C3%A8se_(Hahn,_Reynaldo)",https://imslp.org/wiki/Special:ImagefromIndex/22317/hfpb
F,La fête chez Thérèse,,,Ballets; Theatrical Works; For orchestra; Scores featuring the orchestra; For piano (arr); For 1 player (arr); Scores featuring the piano (arr); For orchestra (arr); Scores featuring the orchestra (arr),管弦乐/交响曲,芭蕾舞剧,Orchestra,管弦乐队,指挥用钢琴谱,,799074,Piano Conductor,tabArrTrans,Public Domain,"Paris: Heugel, 1911. MPR",True,downloaded,,,管弦乐/交响曲/de8401ce-ee9e-4d29-b70d-527cced99528.pdf,"https://imslp.org/wiki/La_f%C3%AAte_chez_Th%C3%A9r%C3%A8se_(Hahn,_Reynaldo)",https://imslp.org/wiki/Special:ImagefromIndex/799074/hfpb
F,La fête chez Thérèse,,,Ballets; Theatrical Works; For orchestra; Scores featuring the orchestra; For piano (arr); For 1 player (arr); Scores featuring the piano (arr); For orchestra (arr); Scores featuring the orchestra (arr),器乐分谱,芭蕾舞剧,Orchestra,管弦乐队,长笛／短笛分谱,,799075,Flute/Piccolo,tabArrTrans,Public Domain,"Paris: Heugel, 1911. MPR",True,downloaded,,,器乐分谱/3038658b-1b0c-49c6-a984-4b9f40a2820a.pdf,"https://imslp.org/wiki/La_f%C3%AAte_chez_Th%C3%A9r%C3%A8se_(Hahn,_Reynaldo)",https://imslp.org/wiki/Special:ImagefromIndex/799075/hfpb
F,La fête chez Thérèse,,,Ballets; Theatrical Works; For orchestra; Scores featuring the orchestra; For piano (arr); For 1 player (arr); Scores featuring the piano (arr); For orchestra (arr); Scores featuring the orchestra (arr),器乐分谱,芭蕾舞剧,Orchestra,管弦乐队,双簧管分谱,,799076,Oboe,tabArrTrans,Public Domain,"Paris: Heugel, 1911. MPR",True,downloaded,,,器乐分谱/e8a32f10-dc33-4d9e-bc30-4130c3a0b7c4.pdf,"https://imslp.org/wiki/La_f%C3%AAte_chez_Th%C3%A9r%C3%A8se_(Hahn,_Reynaldo)",https://imslp.org/wiki/Special:ImagefromIndex/799076/hfpb
F,La fête chez Thérèse,,,Ballets; Theatrical Works; For orchestra; Scores featuring the orchestra; For piano (arr); For 1 player (arr); Scores featuring the piano (arr); For orchestra (arr); Scores featuring the orchestra (arr),器乐分谱,芭蕾舞剧,Orchestra,管弦乐队,单簧管分谱,,799077,"Clarinet 1, 2 (A/B♭)",tabArrTrans,Public Domain,"Paris: Heugel, 1911. MPR",True,downloaded,,,器乐分谱/889d02f2-406d-44c6-828d-aff8e5764174.pdf,"https://imslp.org/wiki/La_f%C3%AAte_chez_Th%C3%A9r%C3%A8se_(Hahn,_Reynaldo)",https://imslp.org/wiki/Special:ImagefromIndex/799077/hfpb
F,La fête chez Thérèse,,,Ballets; Theatrical Works; For orchestra; Scores featuring the orchestra; For piano (arr); For 1 player (arr); Scores featuring the piano (arr); For orchestra (arr); Scores featuring the orchestra (arr),器乐分谱,芭蕾舞剧,Orchestra,管弦乐队,巴松分谱,,799078,Bassoon,tabArrTrans,Public Domain,"Paris: Heugel, 1911. MPR",True,downloaded,,,器乐分谱/5f8bfd0b-f515-4b8a-bf77-fca2b00bdd12.pdf,"https://imslp.org/wiki/La_f%C3%AAte_chez_Th%C3%A9r%C3%A8se_(Hahn,_Reynaldo)",https://imslp.org/wiki/Special:ImagefromIndex/799078/hfpb
F,La fête chez Thérèse,,,Ballets; Theatrical Works; For orchestra; Scores featuring the orchestra; For piano (arr); For 1 player (arr); Scores featuring the piano (arr); For orchestra (arr); Scores featuring the orchestra (arr),器乐分谱,芭蕾舞剧,Orchestra,管弦乐队,圆号分谱,,799079,Horn 1/2 (F),tabArrTrans,Public Domain,"Paris: Heugel, 1911. MPR",True,downloaded,,,器乐分谱/e2b912c5-0a63-47fc-8c1a-9abcc94796b2.pdf,"https://imslp.org/wiki/La_f%C3%AAte_chez_Th%C3%A9r%C3%A8se_(Hahn,_Reynaldo)",https://imslp.org/wiki/Special:ImagefromIndex/799079/hfpb
F,La fête chez Thérèse,,,Ballets; Theatrical Works; For orchestra; Scores featuring the orchestra; For piano (arr); For 1 player (arr); Scores featuring the piano (arr); For orchestra (arr); Scores featuring the orchestra (arr),器乐分谱,芭蕾舞剧,Orchestra,管弦乐队,短号分谱,,799080,Cornet 1/2 (B♭),tabArrTrans,Public Domain,"Paris: Heugel, 1911. MPR",True,downloaded,,,器乐分谱/f2850534-84c9-4a3f-a0e0-16210615bae8.pdf,"https://imslp.org/wiki/La_f%C3%AAte_chez_Th%C3%A9r%C3%A8se_(Hahn,_Reynaldo)",https://imslp.org/wiki/Special:ImagefromIndex/799080/hfpb
F,La fête chez Thérèse,,,Ballets; Theatrical Works; For orchestra; Scores featuring the orchestra; For piano (arr); For 1 player (arr); Scores featuring the piano (arr); For orchestra (arr); Scores featuring the orchestra (arr),器乐分谱,芭蕾舞剧,Orchestra,管弦乐队,长号分谱,,799081,Trombone,tabArrTrans,Public Domain,"Paris: Heugel, 1911. MPR",True,downloaded,,,器乐分谱/e10a735b-3959-4aff-be78-4032c1e4333a.pdf,"https://imslp.org/wiki/La_f%C3%AAte_chez_Th%C3%A9r%C3%A8se_(Hahn,_Reynaldo)",https://imslp.org/wiki/Special:ImagefromIndex/799081/hfpb
F,La fête chez Thérèse,,,Ballets; Theatrical Works; For orchestra; Scores featuring the orchestra; For piano (arr); For 1 player (arr); Scores featuring the piano (arr); For orchestra (arr); Scores featuring the orchestra (arr),器乐分谱,芭蕾舞剧,Orchestra,管弦乐队,定音鼓分谱,,799082,Timpani,tabArrTrans,Public Domain,"Paris: Heugel, 1911. MPR",True,downloaded,,,器乐分谱/2b4c3f6c-b579-45f2-80a5-050eb3da3f0b.pdf,"https://imslp.org/wiki/La_f%C3%AAte_chez_Th%C3%A9r%C3%A8se_(Hahn,_Reynaldo)",https://imslp.org/wiki/Special:ImagefromIndex/799082/hfpb
F,La fête chez Thérèse,,,Ballets; Theatrical Works; For orchestra; Scores featuring the orchestra; For piano (arr); For 1 player (arr); Scores featuring the piano (arr); For orchestra (arr); Scores featuring the orchestra (arr),管弦乐/交响曲,芭蕾舞剧,Orchestra,管弦乐队,管弦乐队,,799083,下载这个文件,tabArrTrans,Public Domain,"Paris: Heugel, 1911. MPR",True,downloaded,,,管弦乐/交响曲/58d592a7-734f-4d55-be45-0c429a7c45ba.pdf,"https://imslp.org/wiki/La_f%C3%AAte_chez_Th%C3%A9r%C3%A8se_(Hahn,_Reynaldo)",https://imslp.org/wiki/Special:ImagefromIndex/799083/hfpb
F,La fête chez Thérèse,,,Ballets; Theatrical Works; For orchestra; Scores featuring the orchestra; For piano (arr); For 1 player (arr); Scores featuring the piano (arr); For orchestra (arr); Scores featuring the orchestra (arr),器乐分谱,芭蕾舞剧,Orchestra,管弦乐队,第一小提琴分谱,,799084,Violins I,tabArrTrans,Public Domain,"Paris: Heugel, 1911. MPR",True,downloaded,,,器乐分谱/6400205d-8f0a-482f-9e20-c508af221cd3.pdf,"https://imslp.org/wiki/La_f%C3%AAte_chez_Th%C3%A9r%C3%A8se_(Hahn,_Reynaldo)",https://imslp.org/wiki/Special:ImagefromIndex/799084/hfpb
F,La fête chez Thérèse,,,Ballets; Theatrical Works; For orchestra; Scores featuring the orchestra; For piano (arr); For 1 player (arr); Scores featuring the piano (arr); For orchestra (arr); Scores featuring the orchestra (arr),器乐分谱,芭蕾舞剧,Orchestra,管弦乐队,第二小提琴分谱,,799085,Violins II,tabArrTrans,Public Domain,"Paris: Heugel, 1911. MPR",True,downloaded,,,器乐分谱/2c921953-ae72-489f-950a-3b872bd81bb8.pdf,"https://imslp.org/wiki/La_f%C3%AAte_chez_Th%C3%A9r%C3%A8se_(Hahn,_Reynaldo)",https://imslp.org/wiki/Special:ImagefromIndex/799085/hfpb
F,La fête chez Thérèse,,,Ballets; Theatrical Works; For orchestra; Scores featuring the orchestra; For piano (arr); For 1 player (arr); Scores featuring the piano (arr); For orchestra (arr); Scores featuring the orchestra (arr),器乐分谱,芭蕾舞剧,Orchestra,管弦乐队,中提琴分谱,,799086,Violas,tabArrTrans,Public Domain,"Paris: Heugel, 1911. MPR",True,downloaded,,,器乐分谱/035eafe8-1dc8-4672-a429-99cbf25f36b8.pdf,"https://imslp.org/wiki/La_f%C3%AAte_chez_Th%C3%A9r%C3%A8se_(Hahn,_Reynaldo)",https://imslp.org/wiki/Special:ImagefromIndex/799086/hfpb
F,La fête chez Thérèse,,,Ballets; Theatrical Works; For orchestra; Scores featuring the orchestra; For piano (arr); For 1 player (arr); Scores featuring the piano (arr); For orchestra (arr); Scores featuring the orchestra (arr),器乐分谱,芭蕾舞剧,Orchestra,管弦乐队,大提琴分谱,,799087,Cellos,tabArrTrans,Public Domain,"Paris: Heugel, 1911. MPR",True,downloaded,,,器乐分谱/3036df6a-80c9-4710-85f5-1bac3f064857.pdf,"https://imslp.org/wiki/La_f%C3%AAte_chez_Th%C3%A9r%C3%A8se_(Hahn,_Reynaldo)",https://imslp.org/wiki/Special:ImagefromIndex/799087/hfpb
F,La fête chez Thérèse,,,Ballets; Theatrical Works; For orchestra; Scores featuring the orchestra; For piano (arr); For 1 player (arr); Scores featuring the piano (arr); For orchestra (arr); Scores featuring the orchestra (arr),器乐分谱,芭蕾舞剧,Orchestra,管弦乐队,低音提琴分谱,,799088,Basses,tabArrTrans,Public Domain,"Paris: Heugel, 1911. MPR",True,downloaded,,,器乐分谱/b87a1b68-97c4-4fea-ab90-5fe6c5c40f80.pdf,"https://imslp.org/wiki/La_f%C3%AAte_chez_Th%C3%A9r%C3%A8se_(Hahn,_Reynaldo)",https://imslp.org/wiki/Special:ImagefromIndex/799088/hfpb
F,La fête chez Thérèse,,,Ballets; Theatrical Works; For orchestra; Scores featuring the orchestra; For piano (arr); For 1 player (arr); Scores featuring the piano (arr); For orchestra (arr); Scores featuring the orchestra (arr),管弦乐/交响曲,芭蕾舞剧,Orchestra,管弦乐队,指挥用钢琴谱,,799089,Piano Conductor,tabArrTrans,Public Domain,"Paris: Heugel, 1911. MPR",True,downloaded,,,管弦乐/交响曲/a68efb4a-6c84-4b67-a511-a16a9a007219.pdf,"https://imslp.org/wiki/La_f%C3%AAte_chez_Th%C3%A9r%C3%A8se_(Hahn,_Reynaldo)",https://imslp.org/wiki/Special:ImagefromIndex/799089/hfpb
F,La fête chez Thérèse,,,Ballets; Theatrical Works; For orchestra; Scores featuring the orchestra; For piano (arr); For 1 player (arr); Scores featuring the piano (arr); For orchestra (arr); Scores featuring the orchestra (arr),器乐分谱,芭蕾舞剧,Orchestra,管弦乐队,长笛分谱,,799090,Flute,tabArrTrans,Public Domain,"Paris: Heugel, 1911. MPR",True,downloaded,,,器乐分谱/41477808-7749-4145-a8a1-6da5c52634f0.pdf,"https://imslp.org/wiki/La_f%C3%AAte_chez_Th%C3%A9r%C3%A8se_(Hahn,_Reynaldo)",https://imslp.org/wiki/Special:ImagefromIndex/799090/hfpb
F,La fête chez Thérèse,,,Ballets; Theatrical Works; For orchestra; Scores featuring the orchestra; For piano (arr); For 1 player (arr); Scores featuring the piano (arr); For orchestra (arr); Scores featuring the orchestra (arr),器乐分谱,芭蕾舞剧,Orchestra,管弦乐队,双簧管分谱,,799091,Oboe,tabArrTrans,Public Domain,"Paris: Heugel, 1911. MPR",True,downloaded,,,器乐分谱/5eb3597b-0c4c-4bdd-a22f-f6e7fb9e7cae.pdf,"https://imslp.org/wiki/La_f%C3%AAte_chez_Th%C3%A9r%C3%A8se_(Hahn,_Reynaldo)",https://imslp.org/wiki/Special:ImagefromIndex/799091/hfpb
F,La fête chez Thérèse,,,Ballets; Theatrical Works; For orchestra; Scores featuring the orchestra; For piano (arr); For 1 player (arr); Scores featuring the piano (arr); For orchestra (arr); Scores featuring the orchestra (arr),器乐分谱,芭蕾舞剧,Orchestra,管弦乐队,单簧管分谱,,799092,"Clarinet 1, 2 (A/B♭)",tabArrTrans,Public Domain,"Paris: Heugel, 1911. MPR",True,downloaded,,,器乐分谱/cd628058-dd66-48bd-bd42-b2b56bd7b0e5.pdf,"https://imslp.org/wiki/La_f%C3%AAte_chez_Th%C3%A9r%C3%A8se_(Hahn,_Reynaldo)",https://imslp.org/wiki/Special:ImagefromIndex/799092/hfpb
F,La fête chez Thérèse,,,Ballets; Theatrical Works; For orchestra; Scores featuring the orchestra; For piano (arr); For 1 player (arr); Scores featuring the piano (arr); For orchestra (arr); Scores featuring the orchestra (arr),器乐分谱,芭蕾舞剧,Orchestra,管弦乐队,巴松分谱,,799093,Bassoon,tabArrTrans,Public Domain,"Paris: Heugel, 1911. MPR",True,downloaded,,,器乐分谱/8917270a-96a9-49ad-be78-ce8c2c340a23.pdf,"https://imslp.org/wiki/La_f%C3%AAte_chez_Th%C3%A9r%C3%A8se_(Hahn,_Reynaldo)",https://imslp.org/wiki/Special:ImagefromIndex/799093/hfpb
F,La fête chez Thérèse,,,Ballets; Theatrical Works; For orchestra; Scores featuring the orchestra; For piano (arr); For 1 player (arr); Scores featuring the piano (arr); For orchestra (arr); Scores featuring the orchestra (arr),器乐分谱,芭蕾舞剧,Orchestra,管弦乐队,圆号分谱,,799094,Horn 1/2 (F),tabArrTrans,Public Domain,"Paris: Heugel, 1911. MPR",True,downloaded,,,器乐分谱/7af0b64a-6e26-4b07-ae73-cf70bf47fcde.pdf,"https://imslp.org/wiki/La_f%C3%AAte_chez_Th%C3%A9r%C3%A8se_(Hahn,_Reynaldo)",https://imslp.org/wiki/Special:ImagefromIndex/799094/hfpb
F,La fête chez Thérèse,,,Ballets; Theatrical Works; For orchestra; Scores featuring the orchestra; For piano (arr); For 1 player (arr); Scores featuring the piano (arr); For orchestra (arr); Scores featuring the orchestra (arr),器乐分谱,芭蕾舞剧,Orchestra,管弦乐队,短号分谱,,799095,Cornet 1/2 (A/B♭),tabArrTrans,Public Domain,"Paris: Heugel, 1911. MPR",True,downloaded,,,器乐分谱/a9f7e8d0-f722-489a-b3fa-1db954820026.pdf,"https://imslp.org/wiki/La_f%C3%AAte_chez_Th%C3%A9r%C3%A8se_(Hahn,_Reynaldo)",https://imslp.org/wiki/Special:ImagefromIndex/799095/hfpb
F,La fête chez Thérèse,,,Ballets; Theatrical Works; For orchestra; Scores featuring the orchestra; For piano (arr); For 1 player (arr); Scores featuring the piano (arr); For orchestra (arr); Scores featuring the orchestra (arr),器乐分谱,芭蕾舞剧,Orchestra,管弦乐队,长号分谱,,799096,Trombone,tabArrTrans,Public Domain,"Paris: Heugel, 1911. MPR",True,downloaded,,,器乐分谱/9086461a-e14e-4b63-a22e-1a3821126c5b.pdf,"https://imslp.org/wiki/La_f%C3%AAte_chez_Th%C3%A9r%C3%A8se_(Hahn,_Reynaldo)",https://imslp.org/wiki/Special:ImagefromIndex/799096/hfpb
F,La fête chez Thérèse,,,Ballets; Theatrical Works; For orchestra; Scores featuring the orchestra; For piano (arr); For 1 player (arr); Scores featuring the piano (arr); For orchestra (arr); Scores featuring the orchestra (arr),器乐分谱,芭蕾舞剧,Orchestra,管弦乐队,定音鼓分谱,,799097,Timpani,tabArrTrans,Public Domain,"Paris: Heugel, 1911. MPR",True,downloaded,,,器乐分谱/9252f9f4-f764-4efd-b84b-54280270de90.pdf,"https://imslp.org/wiki/La_f%C3%AAte_chez_Th%C3%A9r%C3%A8se_(Hahn,_Reynaldo)",https://imslp.org/wiki/Special:ImagefromIndex/799097/hfpb
F,La fête chez Thérèse,,,Ballets; Theatrical Works; For orchestra; Scores featuring the orchestra; For piano (arr); For 1 player (arr); Scores featuring the piano (arr); For orchestra (arr); Scores featuring the orchestra (arr),管弦乐/交响曲,芭蕾舞剧,Orchestra,管弦乐队,管弦乐队,,799098,下载这个文件,tabArrTrans,Public Domain,"Paris: Heugel, 1911. MPR",True,downloaded,,,管弦乐/交响曲/1cf13203-d7ec-46c0-bdc4-f9bd11b8431c.pdf,"https://imslp.org/wiki/La_f%C3%AAte_chez_Th%C3%A9r%C3%A8se_(Hahn,_Reynaldo)",https://imslp.org/wiki/Special:ImagefromIndex/799098/hfpb
F,La fête chez Thérèse,,,Ballets; Theatrical Works; For orchestra; Scores featuring the orchestra; For piano (arr); For 1 player (arr); Scores featuring the piano (arr); For orchestra (arr); Scores featuring the orchestra (arr),器乐分谱,芭蕾舞剧,Orchestra,管弦乐队,第一小提琴分谱,,799099,Violins I,tabArrTrans,Public Domain,"Paris: Heugel, 1911. MPR",True,downloaded,,,器乐分谱/2ce26295-c057-41a4-87c3-ce9dbdc104d8.pdf,"https://imslp.org/wiki/La_f%C3%AAte_chez_Th%C3%A9r%C3%A8se_(Hahn,_Reynaldo)",https://imslp.org/wiki/Special:ImagefromIndex/799099/hfpb
F,La fête chez Thérèse,,,Ballets; Theatrical Works; For orchestra; Scores featuring the orchestra; For piano (arr); For 1 player (arr); Scores featuring the piano (arr); For orchestra (arr); Scores featuring the orchestra (arr),器乐分谱,芭蕾舞剧,Orchestra,管弦乐队,第二小提琴分谱,,799100,Violins II,tabArrTrans,Public Domain,"Paris: Heugel, 1911. MPR",True,downloaded,,,器乐分谱/1b9ba5bf-63f4-4efa-8bdd-d8a8656079dd.pdf,"https://imslp.org/wiki/La_f%C3%AAte_chez_Th%C3%A9r%C3%A8se_(Hahn,_Reynaldo)",https://imslp.org/wiki/Special:ImagefromIndex/799100/hfpb
F,La fête chez Thérèse,,,Ballets; Theatrical Works; For orchestra; Scores featuring the orchestra; For piano (arr); For 1 player (arr); Scores featuring the piano (arr); For orchestra (arr); Scores featuring the orchestra (arr),器乐分谱,芭蕾舞剧,Orchestra,管弦乐队,中提琴分谱,,799101,Violas,tabArrTrans,Public Domain,"Paris: Heugel, 1911. MPR",True,downloaded,,,器乐分谱/ab64908f-fa07-4c69-ab40-a0f8598a929f.pdf,"https://imslp.org/wiki/La_f%C3%AAte_chez_Th%C3%A9r%C3%A8se_(Hahn,_Reynaldo)",https://imslp.org/wiki/Special:ImagefromIndex/799101/hfpb
F,La fête chez Thérèse,,,Ballets; Theatrical Works; For orchestra; Scores featuring the orchestra; For piano (arr); For 1 player (arr); Scores featuring the piano (arr); For orchestra (arr); Scores featuring the orchestra (arr),器乐分谱,芭蕾舞剧,Orchestra,管弦乐队,大提琴分谱,,799102,Cellos,tabArrTrans,Public Domain,"Paris: Heugel, 1911. MPR",True,downloaded,,,器乐分谱/b171cbc6-efa5-4753-9687-c7f894bb40ef.pdf,"https://imslp.org/wiki/La_f%C3%AAte_chez_Th%C3%A9r%C3%A8se_(Hahn,_Reynaldo)",https://imslp.org/wiki/Special:ImagefromIndex/799102/hfpb
F,La fête chez Thérèse,,,Ballets; Theatrical Works; For orchestra; Scores featuring the orchestra; For piano (arr); For 1 player (arr); Scores featuring the piano (arr); For orchestra (arr); Scores featuring the orchestra (arr),器乐分谱,芭蕾舞剧,Orchestra,管弦乐队,低音提琴分谱,,799103,Basses,tabArrTrans,Public Domain,"Paris: Heugel, 1911. MPR",True,downloaded,,,器乐分谱/82e7ae95-3162-46d1-82a8-dcd17c6918dc.pdf,"https://imslp.org/wiki/La_f%C3%AAte_chez_Th%C3%A9r%C3%A8se_(Hahn,_Reynaldo)",https://imslp.org/wiki/Special:ImagefromIndex/799103/hfpb
F,Fetes galantes,,,"Songs; For voice, piano; For voices with keyboard; Scores featuring the voice; Scores featuring the piano; French language",艺术歌曲,,"Voice, Piano",声乐、钢琴,声乐、钢琴,法语,87339,Complete Score,tabScore1,Public Domain,"Paris: Heugel, n.d. (1893). Plate 8315",False,pending,,本地目录已有同名 Hahn 作品,艺术歌曲/fa2d7b95-631e-4523-9040-3f9693ed8279.pdf,"https://imslp.org/wiki/F%C3%AAtes_galantes_(Hahn,_Reynaldo)",https://imslp.org/wiki/Special:ImagefromIndex/87339/hfpb
F,Feuillage,A-flat major,降A大调,Pieces; For piano; Scores featuring the piano; For 1 player,器乐独奏,小品,piano,钢琴,钢琴独奏,,993654,Complete Score,tabScore1,Public Domain,"Paris: L'illustration, No. 2954, 1899.",True,downloaded,,,器乐独奏/bce2ec55-7089-4a49-853d-cfb08ed357ba.pdf,"https://imslp.org/wiki/Feuillage_(Hahn,_Reynaldo)",https://imslp.org/wiki/Special:ImagefromIndex/993654/hfpb
F,Les feuilles blessées,,,"Songs; For voice, piano; For voices with keyboard; Scores featuring the voice; Scores featuring the piano; French language",声乐套曲,艺术歌曲,"Voice, piano",声乐、钢琴,声乐、钢琴,法语,91274,Complete Score,tabScore1,Public Domain,"Paris: Heugel, 1909. Plate H. & Cie. 22851-56 (Nos.1-6), 22879 (No.7), 22962 (No.8), 23209-11 (Nos.9-11).",True,downloaded,,,声乐套曲/ec201eb0-cfba-4aeb-abae-574c4a21bbda.pdf,"https://imslp.org/wiki/Les_feuilles_bless%C3%A9es_(Hahn,_Reynaldo)",https://imslp.org/wiki/Special:ImagefromIndex/91274/hfpb
F,Les feuilles blessées,,,"Songs; For voice, piano; For voices with keyboard; Scores featuring the voice; Scores featuring the piano; French language",声乐套曲,艺术歌曲,"Voice, piano",声乐、钢琴,声乐、钢琴,法语,273610,Title Page (Different than the one above),tabScore1,Public Domain,"Paris: Heugel, 1909. Plate H. & Cie. 22851.",True,downloaded,,,声乐套曲/1ad92c04-4f1e-4c42-9e8b-dafc56d3293b.pdf,"https://imslp.org/wiki/Les_feuilles_bless%C3%A9es_(Hahn,_Reynaldo)",https://imslp.org/wiki/Special:ImagefromIndex/273610/hfpb
F,Les feuilles blessées,,,"Songs; For voice, piano; For voices with keyboard; Scores featuring the voice; Scores featuring the piano; French language",声乐套曲,艺术歌曲,"Voice, piano",声乐、钢琴,声乐、钢琴,法语,273696,下载这个文件,tabScore1,Public Domain,"Paris: Heugel, 1909. Plate H. & Cie. 22851.",True,downloaded,,,声乐套曲/5b7b30c7-d24c-49be-b5d9-f2b6f806fad2.pdf,"https://imslp.org/wiki/Les_feuilles_bless%C3%A9es_(Hahn,_Reynaldo)",https://imslp.org/wiki/Special:ImagefromIndex/273696/hfpb
F,Fin d'amour,,,Pieces; Pantomimes; Theatrical Works; Ballets; Character pieces; For piano; Scores featuring the piano; For 1 player; French language,管弦乐/交响曲,芭蕾舞剧,Piano,钢琴,钢琴独奏,法语,824553,Complete Score,tabScore1,Creative Commons Attribution-NonCommercial-ShareAlike 4.0,"Morel, 2022.",True,blocked,Error: No direct PDF URL,,管弦乐/交响曲/110ce6af-41ef-42b2-9c40-3a9292652d8f.pdf,"https://imslp.org/wiki/Fin_d%27amour_(Hahn,_Reynaldo)",https://imslp.org/wiki/Special:ImagefromIndex/824553/hfpb
F,Fleur fanée,,,"Songs; For voice, piano; For voices with keyboard; Scores featuring the voice; Scores featuring the piano; French language",艺术歌曲,,"Voice, Piano",声乐、钢琴,声乐、钢琴,法语,87420,Complete Score,tabScore1,Public Domain,"In Mélodies, 1er volumeParis: Heugel, n.d.[1895]. Plate H.8315.",True,downloaded,,,艺术歌曲/332c99e8-9ad4-4325-a651-79de80892e75.pdf,"https://imslp.org/wiki/Fleur_fan%C3%A9e_(Hahn,_Reynaldo)",https://imslp.org/wiki/Special:ImagefromIndex/87420/hfpb
F,Les fontaines,,,"Songs; For voice, piano; For voices with keyboard; Scores featuring the voice; Scores featuring the piano; French language",艺术歌曲,,"Voice, Piano",声乐、钢琴,声乐、钢琴,法语,91811,Complete Score,tabScore1,Public Domain,"Mélodies de Reynaldo Hahn, Vol.2, No.13Paris: Heugel, 1910. Plate H. 27,627",True,downloaded,,,艺术歌曲/273020cb-de06-44c1-9abb-1f852906a6dd.pdf,"https://imslp.org/wiki/Les_fontaines_(Hahn,_Reynaldo)",https://imslp.org/wiki/Special:ImagefromIndex/91811/hfpb
F,Les fontaines,,,"Songs; For voice, piano; For voices with keyboard; Scores featuring the voice; Scores featuring the piano; French language",艺术歌曲,,"Voice, Piano",声乐、钢琴,声乐、钢琴,法语,256847,下载这个文件,tabScore1,Public Domain,"Paris: Heugel, 1910. Plate H. 27,627",True,downloaded,,,艺术歌曲/c9a1dac1-d4a2-4ada-a762-44db75845afa.pdf,"https://imslp.org/wiki/Les_fontaines_(Hahn,_Reynaldo)",https://imslp.org/wiki/Special:ImagefromIndex/256847/hfpb
F,Fumée,,,"Songs; For voice, piano; For voices with keyboard; Scores featuring the voice; Scores featuring the piano; French language",艺术歌曲,,"Voice, Piano",声乐、钢琴,声乐、钢琴,法语,86430,Complete Score,tabScore1,Public Domain,"Paris: Heugel, n.d.[1896]. Plate 27627.",True,downloaded,,,艺术歌曲/e183ed53-b473-4533-a547-9121d0f665e4.pdf,"https://imslp.org/wiki/Fum%C3%A9e_(Hahn,_Reynaldo)",https://imslp.org/wiki/Special:ImagefromIndex/86430/hfpb
I,L'île du rêve,,,"Operas; Theatrical Works; For voices, mixed chorus, orchestra; Scores featuring the voice; Scores featuring mixed chorus; Scores featuring the orchestra; For voices and chorus with orchestra; French language",歌剧总谱,歌剧,"vocal soloists, mixed chorus, orchestra",独唱、混声合唱、管弦乐队,独唱、混声合唱、管弦乐队,法语,75484,Complete Score,tabScore1,Public Domain,"Paris: Heugel, 1897. Plate H. & Cie. 18,767.",True,downloaded,,,歌剧总谱/bf95bf17-78eb-4ca7-b784-27d095fa4f7a.pdf,"https://imslp.org/wiki/L%27%C3%AEle_du_r%C3%AAve_(Hahn,_Reynaldo)",https://imslp.org/wiki/Special:ImagefromIndex/75484/hfpb
I,L'île du rêve,,,"Operas; Theatrical Works; For voices, mixed chorus, orchestra; Scores featuring the voice; Scores featuring mixed chorus; Scores featuring the orchestra; For voices and chorus with orchestra; French language",歌剧总谱,歌剧,"vocal soloists, mixed chorus, orchestra",独唱、混声合唱、管弦乐队,独唱、混声合唱、管弦乐队,法语,22347,下载这个文件,tabScore1,Public Domain,"Supplément n°2875 - L'Illustration, 2 avril 1898",True,downloaded,,,歌剧总谱/51d0d70d-4149-4355-9712-08d63996023a.pdf,"https://imslp.org/wiki/L%27%C3%AEle_du_r%C3%AAve_(Hahn,_Reynaldo)",https://imslp.org/wiki/Special:ImagefromIndex/22347/hfpb
I,2 Improvisations sur des airs irlandais pour violoncelle et piano,,,"Improvisations; For cello, piano; Scores featuring the cello; Scores featuring the piano; For 2 players",室内乐,即兴曲,"cello, piano",大提琴、钢琴,大提琴、钢琴,,935111,下载这个文件,tabScore1,Public Domain,"Paris: Hamelle, 1911. Plate H & Cie 24888.",True,downloaded,,,室内乐/e76acc28-ceec-4ed0-9479-265a5ee40023.pdf,"https://imslp.org/wiki/2_Improvisations_sur_des_airs_irlandais_(Hahn,_Reynaldo)",https://imslp.org/wiki/Special:ImagefromIndex/935111/hfpb
I,2 Improvisations sur des airs irlandais pour violoncelle et piano,,,"Improvisations; For cello, piano; Scores featuring the cello; Scores featuring the piano; For 2 players",室内乐,即兴曲,"cello, piano",大提琴、钢琴,大提琴、钢琴,,1048707,Complete Score,tabScore1,Creative Commons Attribution 4.0,"Ductus Exemplo, 2026.",True,blocked,Error: No direct PDF URL,,室内乐/9ce7eb2e-3811-4a5a-9c9d-1e76cc0ab1cf.pdf,"https://imslp.org/wiki/2_Improvisations_sur_des_airs_irlandais_(Hahn,_Reynaldo)",https://imslp.org/wiki/Special:ImagefromIndex/1048707/hfpb
I,2 Improvisations sur des airs irlandais pour violoncelle et piano,,,"Improvisations; For cello, piano; Scores featuring the cello; Scores featuring the piano; For 2 players",室内乐,即兴曲,"cello, piano",大提琴、钢琴,大提琴分谱,,1048708,Cello Part,tabScore1,Creative Commons Attribution 4.0,"Ductus Exemplo, 2026.",True,blocked,Error: No direct PDF URL,,室内乐/8f5a63ec-32d9-4e46-a0e5-b576f4dbc255.pdf,"https://imslp.org/wiki/2_Improvisations_sur_des_airs_irlandais_(Hahn,_Reynaldo)",https://imslp.org/wiki/Special:ImagefromIndex/1048708/hfpb
I,Improvisazione,F major,F大调,Improvisations; For piano; Scores featuring the piano; For 1 player,器乐独奏,即兴曲,Piano,钢琴,钢琴独奏,,824558,Complete Score,tabScore1,Creative Commons Attribution-NonCommercial-ShareAlike 4.0,Morel,True,blocked,Error: No direct PDF URL,,器乐独奏/683a73ef-c8c2-4db2-93c4-d999fd479218.pdf,"https://imslp.org/wiki/Improvisazione_(Hahn,_Reynaldo)",https://imslp.org/wiki/Special:ImagefromIndex/824558/hfpb
I,L'incrédule,,,"Songs; For voice, piano; For voices with keyboard; Scores featuring the voice; Scores featuring the piano; French language",艺术歌曲,,"voice, piano",声乐、钢琴,声乐、钢琴,法语,90045,Complete Score,tabScore1,Public Domain,"Paris: Heugel, n.d. (1894). Plate 8315",False,pending,,本地目录已有同名 Hahn 作品,艺术歌曲/d4f7dddc-f763-4b2f-b5f4-247c8c29ed61.pdf,"https://imslp.org/wiki/L%27incr%C3%A9dule_(Hahn,_Reynaldo)",https://imslp.org/wiki/Special:ImagefromIndex/90045/hfpb
I,Infidélité,,,"Songs; For voice, piano; For voices with keyboard; Scores featuring the voice; Scores featuring the piano; French language",艺术歌曲,,"Voice, Piano",声乐、钢琴,声乐、钢琴,法语,87085,Complete Score,tabScore1,Public Domain,"Paris: Heugel, 1893.",True,downloaded,,,艺术歌曲/38151442-0db4-4836-8676-8e69f7b96599.pdf,"https://imslp.org/wiki/Infid%C3%A9lit%C3%A9_(Hahn,_Reynaldo)",https://imslp.org/wiki/Special:ImagefromIndex/87085/hfpb
I,Infidélité,,,"Songs; For voice, piano; For voices with keyboard; Scores featuring the voice; Scores featuring the piano; French language",艺术歌曲,,"Voice, Piano",声乐、钢琴,声乐、钢琴,法语,306499,Complete Score,tabScore1,Creative Commons Attribution 3.0,David Galvin,True,blocked,Error: No direct PDF URL,,艺术歌曲/fd411a45-5d7f-4b26-a9e5-4ab66e787b81.pdf,"https://imslp.org/wiki/Infid%C3%A9lit%C3%A9_(Hahn,_Reynaldo)",https://imslp.org/wiki/Special:ImagefromIndex/306499/hfpb
I,L’inspiration,,,Waltzes; Dances; For piano; Scores featuring the piano; For 1 player,器乐独奏,圆舞曲,1 piano,钢琴,钢琴独奏,,45431,Complete Score,tabScore1,Public Domain,"Paris(?): Unidentified publisher, n.d. Plate M.P. 4314.",True,downloaded,,,器乐独奏/b2d322b6-5018-440c-bc2d-ac236008cf8d.pdf,"https://imslp.org/wiki/L%27inspiration_(Hahn,_Reynaldo)",https://imslp.org/wiki/Special:ImagefromIndex/45431/hfpb
J,J'ai caché dans la rose en pleurs,E-flat major,降E大调,"Melodies; Songs; For voice, piano; For voices with keyboard; Scores featuring the voice; Scores featuring the piano; French language",艺术歌曲,,"voice, piano",声乐、钢琴,声乐、钢琴,法语,597734,Complete Score,tabScore1,Public Domain,"Album Musica, No.11Paris: Pierre Lafitte, 1903.",True,downloaded,,,艺术歌曲/04c4682c-c9ad-4c74-ae7f-996017c4c003.pdf,"https://imslp.org/wiki/J%27ai_cach%C3%A9_dans_la_rose_en_pleurs_(Hahn,_Reynaldo)",https://imslp.org/wiki/Special:ImagefromIndex/597734/hfpb
J,"Les jeunes lauriers, Marche militaire",,,Marches; For piano; Scores featuring the piano; For 1 player,器乐独奏,,piano,钢琴,钢琴独奏,,45393,Complete Score,tabScore1,Public Domain,"Paris: Heugel & Cie., 1916. Plate 26,842.",True,downloaded,,,器乐独奏/26555a85-add5-4d62-938c-a1e135f32307.pdf,"https://imslp.org/wiki/Les_jeunes_lauriers_(Hahn,_Reynaldo)",https://imslp.org/wiki/Special:ImagefromIndex/45393/hfpb
J,"Juvenilia, 6 Pieces",,,Pieces; For piano; Scores featuring the piano; For 1 player,器乐独奏,小品,piano,钢琴,钢琴独奏,,22505,Complete Score,tabScore1,Public Domain,"Paris: Heugel & Cie., n.d.[1902]. Plate H. & Cie. 20913/20918.",True,downloaded,,,器乐独奏/8d77af32-af5b-41ca-86c3-33bd71045a9f.pdf,"https://imslp.org/wiki/Juvenilia_(Hahn,_Reynaldo)",https://imslp.org/wiki/Special:ImagefromIndex/22505/hfpb
L,5 Little Songs,,,"Songs; For voice, piano; For voices with keyboard; Scores featuring the voice; Scores featuring the piano; English language; French language",声乐套曲,艺术歌曲,voice and piano,声乐、钢琴,声乐、钢琴,法语,91719,Complete Score,tabScore1,Public Domain,"Paris: Heugel & Cie., 1916. Plate H. & Cie. 26,885.",True,downloaded,,,声乐套曲/bb357e38-4398-4b05-8217-f97d7116629c.pdf,"https://imslp.org/wiki/5_Little_Songs_(Hahn,_Reynaldo)",https://imslp.org/wiki/Special:ImagefromIndex/91719/hfpb
M,Ma jeunesse,,,"Songs; For voice, piano; For voices with keyboard; Scores featuring the voice; Scores featuring the piano; French language",艺术歌曲,,"Voice, piano",声乐、钢琴,声乐、钢琴,法语,91814,Complete Score,tabScore1,Public Domain,"Mélodies de Reynaldo Hahn, Vol.2, No.17Paris: Heugel, 1918. Plate H. 27,627.",True,downloaded,,,艺术歌曲/272b1e39-8721-463b-b4e3-cad4f9547bc1.pdf,"https://imslp.org/wiki/Ma_jeunesse_(Hahn,_Reynaldo)",https://imslp.org/wiki/Special:ImagefromIndex/91814/hfpb
M,Mai,G-flat major,降G大调,"Songs; For voice, piano; For voices with keyboard; Scores featuring the voice; Scores featuring the piano; French language; For piano (arr); For 1 player (arr); Scores featuring the piano (arr)",艺术歌曲,,"voice, piano",声乐、钢琴,声乐、钢琴,法语,90046,Complete Score (G♭ major),tabScore1,Public Domain,"Paris: Heugel, n.d.(1889). Plate 8315.",True,downloaded,,,艺术歌曲/7950f858-3852-413f-aa1d-0a51d2b803a4.pdf,"https://imslp.org/wiki/Mai_(Hahn,_Reynaldo)",https://imslp.org/wiki/Special:ImagefromIndex/90046/hfpb
M,Mai,G-flat major,降G大调,"Songs; For voice, piano; For voices with keyboard; Scores featuring the voice; Scores featuring the piano; French language; For piano (arr); For 1 player (arr); Scores featuring the piano (arr)",艺术歌曲,,"voice, piano",声乐、钢琴,声乐、钢琴,法语,654743,Complete Score (F major),tabScore1,Public Domain,"Paris: Heugel, n.d. Plate 7923.",True,downloaded,,,艺术歌曲/ed99414a-f37d-4825-81b0-dbfadee41832.pdf,"https://imslp.org/wiki/Mai_(Hahn,_Reynaldo)",https://imslp.org/wiki/Special:ImagefromIndex/654743/hfpb
M,Mai,G-flat major,降G大调,"Songs; For voice, piano; For voices with keyboard; Scores featuring the voice; Scores featuring the piano; French language; For piano (arr); For 1 player (arr); Scores featuring the piano (arr)",艺术歌曲,,"voice, piano",声乐、钢琴,声乐、钢琴,法语,824925,Complete Score,tabArrTrans,Public Domain,"Paris: Heugel, 1923. Plate H. 28,494.",True,downloaded,,,艺术歌曲/9ce0ed0a-2458-4398-8382-3ff1c679c8da.pdf,"https://imslp.org/wiki/Mai_(Hahn,_Reynaldo)",https://imslp.org/wiki/Special:ImagefromIndex/824925/hfpb
M,Malvina,,,"Operettas; Theatrical Works; Operas; For voices, mixed chorus, orchestra; Scores featuring the voice; Scores featuring mixed chorus; Scores featuring the orchestra; For voices and chorus with orchestra; French language",歌剧总谱,轻歌剧,Soloists and orchestra,独唱、管弦乐队,独唱、管弦乐队,法语,104018,Complete Score,tabScore1,Public Domain - Non-PD US,"Paris: Heugel & Cie, 1935. Plate H. 30,924.",False,pending,,IMSLP 标记为 Non-PD US,歌剧总谱/627a3f9e-e273-4125-86c8-d5c915220b20.pdf,"https://imslp.org/wiki/Malvina_(Hahn,_Reynaldo)",https://imslp.org/wiki/Special:ImagefromIndex/104018/hfpb
M,"Manon, fille galante",,,Incidental music; Theatrical Works; For orchestra; Scores featuring the orchestra; For piano (arr); For 1 player (arr); Scores featuring the piano (arr),管弦乐/交响曲,戏剧配乐,Orchestra,管弦乐队,管弦乐队,,104567,Complete Score,tabArrTrans,Public Domain,"Paris: Heugel & Cie, 1924. Plate H. 28,813.",True,downloaded,,,管弦乐/交响曲/0a731057-a0ea-4ce9-bfe6-88a179d442fb.pdf,"https://imslp.org/wiki/Manon,_fille_galante_(Hahn,_Reynaldo)",https://imslp.org/wiki/Special:ImagefromIndex/104567/hfpb
M,Le Marchand de marrons,G major,G大调,"Chansons; Songs; For voice, piano; For voices with keyboard; Scores featuring the voice; Scores featuring the piano; French language",艺术歌曲,,"Voice, Piano",声乐、钢琴,声乐、钢琴,法语,89635,Complete Score,tabScore1,Public Domain,Paris: L'Illustration 1899-1900,True,downloaded,,,艺术歌曲/11af9b7f-5b9e-4b06-a306-f6987c1813f8.pdf,"https://imslp.org/wiki/Le_marchand_de_marrons_(Hahn,_Reynaldo)",https://imslp.org/wiki/Special:ImagefromIndex/89635/hfpb
M,Le marchand de Venise,,,"Operas; Theatrical Works; For voices, mixed chorus, orchestra; Scores featuring the voice; Scores featuring mixed chorus; Scores featuring the orchestra; For voices and chorus with orchestra; French language",歌剧总谱,歌剧,"vocal soloists, mixed chorus, orchestra",独唱、混声合唱、管弦乐队,独唱、混声合唱、管弦乐队,法语,958169,Complete Score,tabScore1,Public Domain - Non-PD US,"Paris: Heugel, 1935.",False,pending,,IMSLP 标记为 Non-PD US,歌剧总谱/7c715e52-d158-4a5d-9b7e-ea3ab8b3721a.pdf,"https://imslp.org/wiki/Le_marchand_de_Venise_(Hahn,_Reynaldo)",https://imslp.org/wiki/Special:ImagefromIndex/958169/hfpb
M,Le marchand de Venise,,,"Operas; Theatrical Works; For voices, mixed chorus, orchestra; Scores featuring the voice; Scores featuring mixed chorus; Scores featuring the orchestra; For voices and chorus with orchestra; French language",器乐分谱,歌剧,"vocal soloists, mixed chorus, orchestra",独唱、混声合唱、管弦乐队,器乐分谱,法语,958170,Complete Score,tabScore2,Public Domain - Non-PD US,"Paris: Heugel, 1935. Plate H. & Cie 30898.",False,pending,,IMSLP 标记为 Non-PD US,器乐分谱/c4ceb728-279c-42bb-8f83-882769196e91.pdf,"https://imslp.org/wiki/Le_marchand_de_Venise_(Hahn,_Reynaldo)",https://imslp.org/wiki/Special:ImagefromIndex/958170/hfpb
M,Méduse,,,"Incidental music; Theatrical Works; For narrator, voices, mixed chorus, orchestra; Scores featuring the voice; Scores featuring a narrator; Scores featuring mixed chorus; Scores featuring the orchestra; For voices and chorus with orchestra; French language",管弦乐/交响曲,戏剧配乐,"soli,speaker, choir, orchestra",独唱、朗诵、合唱、管弦乐队,独唱、朗诵、合唱、管弦乐队,法语,104874,Complete Score,tabScore1,Public Domain,"Paris: Heugel & Cie, 1911. Plate H. 25,364.",True,downloaded,,,管弦乐/交响曲/171a9ab9-f8fa-4155-95fa-4608c783e047.pdf,"https://imslp.org/wiki/M%C3%A9duse_(Hahn,_Reynaldo)",https://imslp.org/wiki/Special:ImagefromIndex/104874/hfpb
M,Mozart,,,"Operettas; Theatrical Works; Operas; Musicals; For voices, orchestra; Scores featuring the voice; Scores featuring the orchestra; For voices with orchestra; French language",歌剧总谱,轻歌剧,"voices, orchestra",声乐、管弦乐队,声乐、管弦乐队,法语,877353,Complete Score,tabScore1,Public Domain - Non-PD EU,"Paris: Heugel, n.d.[1926]. Plate H. 29318.",True,downloaded,,,歌剧总谱/3a22e66e-9f7f-4527-9437-64d63397033f.pdf,"https://imslp.org/wiki/Mozart_(Hahn,_Reynaldo)",https://imslp.org/wiki/Special:ImagefromIndex/877353/hfpb
M,Mozart,,,"Operettas; Theatrical Works; Operas; Musicals; For voices, orchestra; Scores featuring the voice; Scores featuring the orchestra; For voices with orchestra; French language",器乐分谱,轻歌剧,"voices, orchestra",声乐、管弦乐队,长笛分谱,法语,877354,Flute 1/2,tabScore2,Public Domain - Non-PD EU,"Paris: Heugel, n.d.[1926]. Plate H. 29310.",True,downloaded,,,器乐分谱/f39a48dc-d80c-4bca-8b56-dd83ac9be0a6.pdf,"https://imslp.org/wiki/Mozart_(Hahn,_Reynaldo)",https://imslp.org/wiki/Special:ImagefromIndex/877354/hfpb
M,Mozart,,,"Operettas; Theatrical Works; Operas; Musicals; For voices, orchestra; Scores featuring the voice; Scores featuring the orchestra; For voices with orchestra; French language",器乐分谱,轻歌剧,"voices, orchestra",声乐、管弦乐队,双簧管分谱,法语,877355,Oboe,tabScore2,Public Domain - Non-PD EU,"Paris: Heugel, n.d.[1926]. Plate H. 29310.",True,downloaded,,,器乐分谱/fc78b36f-0cb4-46e6-9f6a-e70112269c2c.pdf,"https://imslp.org/wiki/Mozart_(Hahn,_Reynaldo)",https://imslp.org/wiki/Special:ImagefromIndex/877355/hfpb
M,Mozart,,,"Operettas; Theatrical Works; Operas; Musicals; For voices, orchestra; Scores featuring the voice; Scores featuring the orchestra; For voices with orchestra; French language",器乐分谱,轻歌剧,"voices, orchestra",声乐、管弦乐队,单簧管分谱,法语,877356,Clarinet (A),tabScore2,Public Domain - Non-PD EU,"Paris: Heugel, n.d.[1926]. Plate H. 29310.",True,downloaded,,,器乐分谱/275a0d9d-4f5c-430e-8fae-5fc8c012d4bb.pdf,"https://imslp.org/wiki/Mozart_(Hahn,_Reynaldo)",https://imslp.org/wiki/Special:ImagefromIndex/877356/hfpb
M,Mozart,,,"Operettas; Theatrical Works; Operas; Musicals; For voices, orchestra; Scores featuring the voice; Scores featuring the orchestra; For voices with orchestra; French language",器乐分谱,轻歌剧,"voices, orchestra",声乐、管弦乐队,巴松分谱,法语,877357,Bassoon,tabScore2,Public Domain - Non-PD EU,"Paris: Heugel, n.d.[1926]. Plate H. 29310.",True,downloaded,,,器乐分谱/947e9b42-9ad6-4758-b2fd-81ba1b5bc975.pdf,"https://imslp.org/wiki/Mozart_(Hahn,_Reynaldo)",https://imslp.org/wiki/Special:ImagefromIndex/877357/hfpb
M,Mozart,,,"Operettas; Theatrical Works; Operas; Musicals; For voices, orchestra; Scores featuring the voice; Scores featuring the orchestra; For voices with orchestra; French language",器乐分谱,轻歌剧,"voices, orchestra",声乐、管弦乐队,圆号分谱,法语,877358,Horn 1/2 (F),tabScore2,Public Domain - Non-PD EU,"Paris: Heugel, n.d.[1926]. Plate H. 29310.",True,downloaded,,,器乐分谱/b8c7d210-dd4b-44f6-b2ad-99c887b535f9.pdf,"https://imslp.org/wiki/Mozart_(Hahn,_Reynaldo)",https://imslp.org/wiki/Special:ImagefromIndex/877358/hfpb
M,Mozart,,,"Operettas; Theatrical Works; Operas; Musicals; For voices, orchestra; Scores featuring the voice; Scores featuring the orchestra; For voices with orchestra; French language",器乐分谱,轻歌剧,"voices, orchestra",声乐、管弦乐队,小号分谱,法语,877359,Trumpet,tabScore2,Public Domain - Non-PD EU,"Paris: Heugel, n.d.[1926]. Plate H. 29310.",True,downloaded,,,器乐分谱/c5db7347-0a5a-461b-850a-3293f59701ee.pdf,"https://imslp.org/wiki/Mozart_(Hahn,_Reynaldo)",https://imslp.org/wiki/Special:ImagefromIndex/877359/hfpb
M,Mozart,,,"Operettas; Theatrical Works; Operas; Musicals; For voices, orchestra; Scores featuring the voice; Scores featuring the orchestra; For voices with orchestra; French language",器乐分谱,轻歌剧,"voices, orchestra",声乐、管弦乐队,打击乐分谱,法语,877360,Percussion,tabScore2,Public Domain - Non-PD EU,"Paris: Heugel, n.d.[1926]. Plate H. 29310.",True,downloaded,,,器乐分谱/04547273-5791-4013-b166-bfb703ac59d0.pdf,"https://imslp.org/wiki/Mozart_(Hahn,_Reynaldo)",https://imslp.org/wiki/Special:ImagefromIndex/877360/hfpb
M,Mozart,,,"Operettas; Theatrical Works; Operas; Musicals; For voices, orchestra; Scores featuring the voice; Scores featuring the orchestra; For voices with orchestra; French language",器乐分谱,轻歌剧,"voices, orchestra",声乐、管弦乐队,钢琴分谱,法语,877361,Piano,tabScore2,Public Domain - Non-PD EU,"Paris: Heugel, n.d.[1926]. Plate H. 29310.",True,downloaded,,,器乐分谱/0f0546e6-d0d4-435e-ae8f-a07eab7fe01f.pdf,"https://imslp.org/wiki/Mozart_(Hahn,_Reynaldo)",https://imslp.org/wiki/Special:ImagefromIndex/877361/hfpb
M,Mozart,,,"Operettas; Theatrical Works; Operas; Musicals; For voices, orchestra; Scores featuring the voice; Scores featuring the orchestra; For voices with orchestra; French language",器乐分谱,轻歌剧,"voices, orchestra",声乐、管弦乐队,羽管键琴分谱,法语,877362,Harpsichord,tabScore2,Public Domain - Non-PD EU,"Paris: Heugel, n.d.[1926]. Plate H. 29310.",True,downloaded,,,器乐分谱/b96fe657-7443-40cc-bc70-9382b5a657fb.pdf,"https://imslp.org/wiki/Mozart_(Hahn,_Reynaldo)",https://imslp.org/wiki/Special:ImagefromIndex/877362/hfpb
M,Mozart,,,"Operettas; Theatrical Works; Operas; Musicals; For voices, orchestra; Scores featuring the voice; Scores featuring the orchestra; For voices with orchestra; French language",器乐分谱,轻歌剧,"voices, orchestra",声乐、管弦乐队,第一小提琴分谱,法语,877363,Violins I,tabScore2,Public Domain - Non-PD EU,"Paris: Heugel, n.d.[1926]. Plate H. 29310.",True,downloaded,,,器乐分谱/535098a6-e0db-45ae-b177-1c69a944bdf4.pdf,"https://imslp.org/wiki/Mozart_(Hahn,_Reynaldo)",https://imslp.org/wiki/Special:ImagefromIndex/877363/hfpb
M,Mozart,,,"Operettas; Theatrical Works; Operas; Musicals; For voices, orchestra; Scores featuring the voice; Scores featuring the orchestra; For voices with orchestra; French language",器乐分谱,轻歌剧,"voices, orchestra",声乐、管弦乐队,第二小提琴分谱,法语,877364,Violins II,tabScore2,Public Domain - Non-PD EU,"Paris: Heugel, n.d.[1926]. Plate H. 29310.",True,downloaded,,,器乐分谱/4b5ad26f-447c-427e-9cfb-c6cceed3a86c.pdf,"https://imslp.org/wiki/Mozart_(Hahn,_Reynaldo)",https://imslp.org/wiki/Special:ImagefromIndex/877364/hfpb
M,Mozart,,,"Operettas; Theatrical Works; Operas; Musicals; For voices, orchestra; Scores featuring the voice; Scores featuring the orchestra; For voices with orchestra; French language",器乐分谱,轻歌剧,"voices, orchestra",声乐、管弦乐队,中提琴分谱,法语,877365,Violas,tabScore2,Public Domain - Non-PD EU,"Paris: Heugel, n.d.[1926]. Plate H. 29310.",True,downloaded,,,器乐分谱/cfd4bbfc-ffa2-4e56-8bba-af9124c4c45f.pdf,"https://imslp.org/wiki/Mozart_(Hahn,_Reynaldo)",https://imslp.org/wiki/Special:ImagefromIndex/877365/hfpb
M,Mozart,,,"Operettas; Theatrical Works; Operas; Musicals; For voices, orchestra; Scores featuring the voice; Scores featuring the orchestra; For voices with orchestra; French language",器乐分谱,轻歌剧,"voices, orchestra",声乐、管弦乐队,大提琴分谱,法语,877366,Cellos,tabScore2,Public Domain - Non-PD EU,"Paris: Heugel, n.d.[1926]. Plate H. 29310.",True,downloaded,,,器乐分谱/cae0f120-c822-47d3-a57a-8f4074681d4c.pdf,"https://imslp.org/wiki/Mozart_(Hahn,_Reynaldo)",https://imslp.org/wiki/Special:ImagefromIndex/877366/hfpb
M,Mozart,,,"Operettas; Theatrical Works; Operas; Musicals; For voices, orchestra; Scores featuring the voice; Scores featuring the orchestra; For voices with orchestra; French language",器乐分谱,轻歌剧,"voices, orchestra",声乐、管弦乐队,低音提琴分谱,法语,877367,Double Basses,tabScore2,Public Domain - Non-PD EU,"Paris: Heugel, n.d.[1926]. Plate H. 29310.",True,downloaded,,,器乐分谱/974488cd-4af9-4ce7-862c-f73f8a608125.pdf,"https://imslp.org/wiki/Mozart_(Hahn,_Reynaldo)",https://imslp.org/wiki/Special:ImagefromIndex/877367/hfpb
M,Mozart,,,"Operettas; Theatrical Works; Operas; Musicals; For voices, orchestra; Scores featuring the voice; Scores featuring the orchestra; For voices with orchestra; French language",歌剧总谱,轻歌剧,"voices, orchestra",声乐、管弦乐队,声乐谱,法语,743282,Complete Score,tabScore3,Public Domain - Non-PD EU,"Holograph manuscript, 1925.",True,downloaded,,,歌剧总谱/8cf879c7-70ba-4667-b53e-b5784f866f9d.pdf,"https://imslp.org/wiki/Mozart_(Hahn,_Reynaldo)",https://imslp.org/wiki/Special:ImagefromIndex/743282/hfpb
M,Mozart,,,"Operettas; Theatrical Works; Operas; Musicals; For voices, orchestra; Scores featuring the voice; Scores featuring the orchestra; For voices with orchestra; French language",歌剧总谱,轻歌剧,"voices, orchestra",声乐、管弦乐队,声乐谱,法语,90952,Complete Score,tabScore3,Public Domain - Non-PD EU,"Paris: Heugel & Cie, 1926. Plate H. & Cie 29,265.",True,downloaded,,,歌剧总谱/6a906642-792d-4830-acc3-80dc7d07fa5b.pdf,"https://imslp.org/wiki/Mozart_(Hahn,_Reynaldo)",https://imslp.org/wiki/Special:ImagefromIndex/90952/hfpb
N,Naguère au temps des églantines,,,"Songs; For voice, piano; For voices with keyboard; Scores featuring the voice; Scores featuring the piano; French language",艺术歌曲,,"Voice, Piano",声乐、钢琴,声乐、钢琴,法语,22350,Complete Score,tabScore1,Public Domain,Supplément n°2765 - L'Illustration - 22 février 1896,True,downloaded,,,艺术歌曲/0b9a8586-0c8d-4113-b87c-006d50857057.pdf,"https://imslp.org/wiki/Nagu%C3%A8re_au_temps_des_%C3%A9glantines_(Hahn,_Reynaldo)",https://imslp.org/wiki/Special:ImagefromIndex/22350/hfpb
N,Nausicaa,,,"Operas comiques; Theatrical Works; Operas; For voices, mixed chorus, orchestra; Scores featuring the voice; Scores featuring mixed chorus; Scores featuring the orchestra; For voices and chorus with orchestra; French language",歌剧总谱,喜歌剧,"Soloists, chorus, and orchestra",独唱、合唱、管弦乐队,独唱、合唱、管弦乐队,法语,280773,Complete Score (mono - high resoution),tabScore1,Public Domain - Non-PD EU,"Paris: Heugel & Cie, 1919. Plate H. & Cie 26550.",True,downloaded,,,歌剧总谱/9fbd64c5-d0e1-4443-9c8e-7277da48faa6.pdf,"https://imslp.org/wiki/Nausicaa_(Hahn,_Reynaldo)",https://imslp.org/wiki/Special:ImagefromIndex/280773/hfpb
N,Nausicaa,,,"Operas comiques; Theatrical Works; Operas; For voices, mixed chorus, orchestra; Scores featuring the voice; Scores featuring mixed chorus; Scores featuring the orchestra; For voices and chorus with orchestra; French language",歌剧总谱,喜歌剧,"Soloists, chorus, and orchestra",独唱、合唱、管弦乐队,独唱、合唱、管弦乐队,法语,282963,Complete Score (color),tabScore1,Public Domain - Non-PD EU,"Paris: Heugel & Cie, 1919. Plate H. & Cie 26550.",True,downloaded,,,歌剧总谱/4cd6d53a-a722-451c-af4a-fa6581b97fa7.pdf,"https://imslp.org/wiki/Nausicaa_(Hahn,_Reynaldo)",https://imslp.org/wiki/Special:ImagefromIndex/282963/hfpb
N,Nausicaa,,,"Operas comiques; Theatrical Works; Operas; For voices, mixed chorus, orchestra; Scores featuring the voice; Scores featuring mixed chorus; Scores featuring the orchestra; For voices and chorus with orchestra; French language",歌剧总谱,喜歌剧,"Soloists, chorus, and orchestra",独唱、合唱、管弦乐队,独唱、合唱、管弦乐队,法语,282964,Complete Score (mono),tabScore1,Public Domain - Non-PD EU,"Paris: Heugel & Cie, 1919. Plate H. & Cie 26550.",True,downloaded,,,歌剧总谱/a431d391-aff5-4198-91fb-fe91de01eea1.pdf,"https://imslp.org/wiki/Nausicaa_(Hahn,_Reynaldo)",https://imslp.org/wiki/Special:ImagefromIndex/282964/hfpb
N,Noctem quietam,G major,G大调,"Motets; Sacred songs; Religious works; Songs; For voice, mixed chorus, piano; For voices and chorus with keyboard; Scores featuring the voice; Scores featuring the tenor voice; Scores featuring mixed chorus; Scores featuring the piano; For voice, mixed chorus, organ; Scores featuring the organ; Latin language",宗教声乐作品总谱,经文歌,"tenor solo, mixed chorus, piano or organ",男高音独奏、混声合唱、钢琴或管风琴,男高音独奏、混声合唱、钢琴或管风琴,拉丁语,821594,Complete Score,tabScore1,Public Domain,"Paris: Heugel, 1925. Plate H. 29,130.",True,downloaded,,,宗教声乐作品总谱/c16ba646-e1e1-4dbd-80b4-58e603ccfd3d.pdf,"https://imslp.org/wiki/Noctem_quietam_(Hahn,_Reynaldo)",https://imslp.org/wiki/Special:ImagefromIndex/821594/hfpb
N,"Nocturne, musique de scène",,,"Nocturnes; For voice, orchestra; For voices with orchestra; Scores featuring the voice; Scores featuring the tenor voice; Scores featuring the orchestra; French language; For voice, piano (arr); For voices with keyboard (arr); Scores featuring the voice (arr); Scores featuring the tenor voice (arr); Scores featuring the piano (arr)",管弦乐/交响曲,夜曲,Tenor & Orchestra,男高音、管弦乐队,男高音、管弦乐队,法语,824518,Complete Score,tabArrTrans,Public Domain,"Paris: Félix Juven, 1905.",True,downloaded,,,管弦乐/交响曲/6ed02fa2-5e42-42bc-a2ce-bbfda56afb94.pdf,"https://imslp.org/wiki/Nocturne,_musique_de_sc%C3%A8ne_(Hahn,_Reynaldo)",https://imslp.org/wiki/Special:ImagefromIndex/824518/hfpb
N,Nocturne,,,"Nocturnes; For voice, piano; For voices with keyboard; Scores featuring the voice; Scores featuring the piano; French language",器乐独奏,夜曲,"Voice, Piano",声乐、钢琴,声乐、钢琴,法语,90047,Complete Score,tabScore1,Public Domain,"Paris: Heugel, n.d. (1896). Plate 8315",True,downloaded,,,器乐独奏/43d8338f-3663-45eb-8a8a-e1b81f2954f1.pdf,"https://imslp.org/wiki/Nocturne_(Hahn,_Reynaldo)",https://imslp.org/wiki/Special:ImagefromIndex/90047/hfpb
N,La nuit,,,"Songs; For voice, piano; For voices with keyboard; Scores featuring the voice; Scores featuring the piano; French language",艺术歌曲,,"voice, piano",声乐、钢琴,声乐、钢琴,法语,90043,Complete Score,tabScore1,Public Domain,"Paris: Heugel, n.d. (1891). Plate 8315",True,downloaded,,,艺术歌曲/ab0bc389-f904-4bfb-9d8b-e7f154d49bef.pdf,"https://imslp.org/wiki/La_nuit_(Hahn,_Reynaldo)",https://imslp.org/wiki/Special:ImagefromIndex/90043/hfpb
O,Ô fons Bandusiae! for Soprano and Female Chorus,,,"Odes; For voice, female chorus, piano; For voices and chorus with keyboard; Scores featuring the voice; Scores featuring the soprano voice; Scores featuring female chorus; Scores featuring the piano; Latin language",合唱作品,,"soprano, female chorus (SA), piano",女高音、女声二部合唱（SA）、钢琴,女高音、女声二部合唱（SA）、钢琴,拉丁语,22353,Complete Score,tabScore1,Public Domain,"Paris: Heugel & Cie., n.d. (ca 1900) Plate H. & Cie. 21089",True,downloaded,,,合唱作品/a0481a45-01c9-4b4d-a6a2-90210ee77190.pdf,"https://imslp.org/wiki/%C3%94_fons_Bandusiae!_(Hahn,_Reynaldo)",https://imslp.org/wiki/Special:ImagefromIndex/22353/hfpb
O,O mon bel inconnu,,,"Musicals; Theatrical Works; For voices, mixed chorus, orchestra; Scores featuring the voice; Scores featuring mixed chorus; Scores featuring the orchestra; For voices and chorus with orchestra; French language",歌剧总谱,音乐剧,"soloists, chorus, and orchestra",独唱、合唱、管弦乐队,独唱、合唱、管弦乐队,法语,877370,Complete Score,tabScore1,"Public Domain - Non-PD US, Non-PD EU","Paris: Salabert, n.d.[1933].",False,pending,,IMSLP 标记为 Non-PD US,歌剧总谱/68931bc9-f1b8-40b6-bb52-5f371db045ae.pdf,"https://imslp.org/wiki/%C3%94_mon_bel_inconnu_(Hahn,_Reynaldo)",https://imslp.org/wiki/Special:ImagefromIndex/877370/hfpb
O,O mon bel inconnu,,,"Musicals; Theatrical Works; For voices, mixed chorus, orchestra; Scores featuring the voice; Scores featuring mixed chorus; Scores featuring the orchestra; For voices and chorus with orchestra; French language",器乐分谱,音乐剧,"soloists, chorus, and orchestra",独唱、合唱、管弦乐队,长笛分谱,法语,984372,Flute,tabScore2,"Public Domain - Non-PD US, Non-PD EU","Paris: Salabert, n.d.[1933]. Plate E. A. S. 9941.",False,pending,,IMSLP 标记为 Non-PD US,器乐分谱/0e128e3e-b5f6-48f5-ae60-6734715be319.pdf,"https://imslp.org/wiki/%C3%94_mon_bel_inconnu_(Hahn,_Reynaldo)",https://imslp.org/wiki/Special:ImagefromIndex/984372/hfpb
O,O mon bel inconnu,,,"Musicals; Theatrical Works; For voices, mixed chorus, orchestra; Scores featuring the voice; Scores featuring mixed chorus; Scores featuring the orchestra; For voices and chorus with orchestra; French language",器乐分谱,音乐剧,"soloists, chorus, and orchestra",独唱、合唱、管弦乐队,单簧管分谱,法语,984373,Clarinet 1/2 (also Saxophone 1/2),tabScore2,"Public Domain - Non-PD US, Non-PD EU","Paris: Salabert, n.d.[1933]. Plate E. A. S. 9941.",False,pending,,IMSLP 标记为 Non-PD US,器乐分谱/4d3aad24-b050-4174-84e0-9bdde276cbe6.pdf,"https://imslp.org/wiki/%C3%94_mon_bel_inconnu_(Hahn,_Reynaldo)",https://imslp.org/wiki/Special:ImagefromIndex/984373/hfpb
O,O mon bel inconnu,,,"Musicals; Theatrical Works; For voices, mixed chorus, orchestra; Scores featuring the voice; Scores featuring mixed chorus; Scores featuring the orchestra; For voices and chorus with orchestra; French language",器乐分谱,音乐剧,"soloists, chorus, and orchestra",独唱、合唱、管弦乐队,巴松分谱,法语,984374,Bassoon,tabScore2,"Public Domain - Non-PD US, Non-PD EU","Paris: Salabert, n.d.[1933]. Plate E. A. S. 9941.",False,pending,,IMSLP 标记为 Non-PD US,器乐分谱/b36f54b4-eb23-42fa-88aa-7036617204e4.pdf,"https://imslp.org/wiki/%C3%94_mon_bel_inconnu_(Hahn,_Reynaldo)",https://imslp.org/wiki/Special:ImagefromIndex/984374/hfpb
O,O mon bel inconnu,,,"Musicals; Theatrical Works; For voices, mixed chorus, orchestra; Scores featuring the voice; Scores featuring mixed chorus; Scores featuring the orchestra; For voices and chorus with orchestra; French language",器乐分谱,音乐剧,"soloists, chorus, and orchestra",独唱、合唱、管弦乐队,打击乐分谱,法语,984375,Percussion,tabScore2,"Public Domain - Non-PD US, Non-PD EU","Paris: Salabert, n.d.[1933]. Plate E. A. S. 9941.",False,pending,,IMSLP 标记为 Non-PD US,器乐分谱/1e183f08-e238-4787-8e8f-94dfabd9dac9.pdf,"https://imslp.org/wiki/%C3%94_mon_bel_inconnu_(Hahn,_Reynaldo)",https://imslp.org/wiki/Special:ImagefromIndex/984375/hfpb
O,O mon bel inconnu,,,"Musicals; Theatrical Works; For voices, mixed chorus, orchestra; Scores featuring the voice; Scores featuring mixed chorus; Scores featuring the orchestra; For voices and chorus with orchestra; French language",器乐分谱,音乐剧,"soloists, chorus, and orchestra",独唱、合唱、管弦乐队,钢琴分谱,法语,984376,Piano,tabScore2,"Public Domain - Non-PD US, Non-PD EU","Paris: Salabert, n.d.[1933]. Plate E. A. S. 9941.",False,pending,,IMSLP 标记为 Non-PD US,器乐分谱/6386a823-7dcd-4fea-b771-0c74c4d5cdb1.pdf,"https://imslp.org/wiki/%C3%94_mon_bel_inconnu_(Hahn,_Reynaldo)",https://imslp.org/wiki/Special:ImagefromIndex/984376/hfpb
O,O mon bel inconnu,,,"Musicals; Theatrical Works; For voices, mixed chorus, orchestra; Scores featuring the voice; Scores featuring mixed chorus; Scores featuring the orchestra; For voices and chorus with orchestra; French language",歌剧总谱,音乐剧,"soloists, chorus, and orchestra",独唱、合唱、管弦乐队,声乐谱,法语,104008,Complete Score,tabScore3,"Public Domain - Non-PD US, Non-PD EU","Paris: Salabert, 1933. Plate E. A. S. 9019.",False,pending,,IMSLP 标记为 Non-PD US,歌剧总谱/e18de3f7-f731-4df7-9263-2c56d0353f2f.pdf,"https://imslp.org/wiki/%C3%94_mon_bel_inconnu_(Hahn,_Reynaldo)",https://imslp.org/wiki/Special:ImagefromIndex/104008/hfpb
O,O salutaris,,,"Sacred songs; Religious works; Songs; For voice, piano; For voices with keyboard; Scores featuring the voice; Scores featuring the tenor voice; Scores featuring the piano; For voice, organ; Scores featuring the organ; Latin language",宗教声乐作品,宗教歌曲,Tenor and Piano/Organ,男高音、钢琴/管风琴,男高音、钢琴/管风琴,拉丁语,39296,Complete Score,tabScore1,Public Domain,"Paris: Heugel & Cie., n.d. (ca. 1900). Plate H. & Cie. 20,643.",True,downloaded,,,宗教声乐作品/cf7a0db2-2255-4cdd-8a43-7951a23607b9.pdf,"https://imslp.org/wiki/O_salutaris_(Hahn,_Reynaldo)",https://imslp.org/wiki/Special:ImagefromIndex/39296/hfpb
O,L'obscurité for Chorus,F-sharp major,升F大调,Secular choruses; Choruses; For mixed chorus; Scores featuring mixed chorus; For unaccompanied chorus; French language,合唱作品,,mixed chorus (SATB),混声四部合唱（SATB）,混声四部合唱（SATB）,法语,22352,Complete Score,tabScore1,Public Domain,"Paris: Heugel & Cie., n.d.(ca 1905). Plate H. & Cie. 21.984.",True,downloaded,,,合唱作品/d847fb05-44ff-476c-8633-24a3f677b032.pdf,"https://imslp.org/wiki/L%27obscurit%C3%A9_(Hahn,_Reynaldo)",https://imslp.org/wiki/Special:ImagefromIndex/22352/hfpb
O,L’obstacle,,,"Incidental music; Theatrical Works; For voice, male chorus, piano; For voices and chorus with keyboard; Scores featuring the voice; Scores featuring the tenor voice; Scores featuring male chorus; Scores featuring the piano; French language",合唱作品,戏剧配乐,"tenor, male chorus (TB), piano",男高音、男声二部合唱（TB）、钢琴,男高音、男声二部合唱（TB）、钢琴,法语,22349,Complete Score,tabScore1,Public Domain,"Paris: Heugel, n.d.[1892]. Plate H. & Cie. 7394.",True,downloaded,,,合唱作品/758bb2ff-02cc-4068-bafb-947b61b6cb76.pdf,"https://imslp.org/wiki/L%27obstacle_(Hahn,_Reynaldo)",https://imslp.org/wiki/Special:ImagefromIndex/22349/hfpb
O,Offrande,,,"For voice, piano; For voices with keyboard; Scores featuring the voice; Scores featuring the piano; French language",器乐独奏,,"voice, piano",声乐、钢琴,声乐、钢琴,法语,86339,Complete Score,tabScore1,Public Domain,"Paris: Heugel, n.d.(ca.1896). Plate 8315.",True,downloaded,,,器乐独奏/bc122e23-a4d9-4cb6-9219-27f5ede38785.pdf,"https://imslp.org/wiki/Offrande_(Hahn,_Reynaldo)",https://imslp.org/wiki/Special:ImagefromIndex/86339/hfpb
O,Offrande,,,"For voice, piano; For voices with keyboard; Scores featuring the voice; Scores featuring the piano; French language",器乐独奏,,"voice, piano",声乐、钢琴,声乐、钢琴,法语,618696,Complete Score,tabScore1,Public Domain,"Album Musica, No.74Paris: Pierre Lafitte, 1908.",True,downloaded,,,器乐独奏/36375e11-b695-4d23-9c94-ada08c699675.pdf,"https://imslp.org/wiki/Offrande_(Hahn,_Reynaldo)",https://imslp.org/wiki/Special:ImagefromIndex/618696/hfpb
P,La pastorale de Noël,,,"Sacred oratorios; Oratorios; Religious works; For voices, mixed chorus, orchestra; Scores featuring the voice; Scores featuring mixed chorus; Scores featuring the orchestra; For voices and chorus with orchestra; French language; Latin language; For 3 trumpets, 2 trombones, tuba (arr); Scores featuring the trumpet (arr); Scores featuring the trombone (arr); Scores featuring the tuba (arr); For 6 players (arr)",宗教声乐作品总谱,宗教清唱剧,"voices, mixed chorus (SATB), orchestra",声乐、混声合唱（SATB）、管弦乐队,声乐、混声合唱（SATB）、管弦乐队,法语/拉丁语,857190,下载这个文件,tabScore1,Public Domain,"Paris: Heugel, n.d.(1901). Plate H. & Cie. 20877.",True,downloaded,,,宗教声乐作品总谱/6c1e1c0d-f2e4-4583-b224-9ca832617bbd.pdf,"https://imslp.org/wiki/La_pastorale_de_No%C3%ABl_(Hahn,_Reynaldo)",https://imslp.org/wiki/Special:ImagefromIndex/857190/hfpb
P,La pastorale de Noël,,,"Sacred oratorios; Oratorios; Religious works; For voices, mixed chorus, orchestra; Scores featuring the voice; Scores featuring mixed chorus; Scores featuring the orchestra; For voices and chorus with orchestra; French language; Latin language; For 3 trumpets, 2 trombones, tuba (arr); Scores featuring the trumpet (arr); Scores featuring the trombone (arr); Scores featuring the tuba (arr); For 6 players (arr)",宗教声乐作品总谱,宗教清唱剧,"voices, mixed chorus (SATB), orchestra",声乐、混声合唱（SATB）、管弦乐队,声乐、混声合唱（SATB）、管弦乐队,法语/拉丁语,70988,Complete Score,tabScore1,Public Domain,"Paris: Heugel, n.d.(1901). Plate H. & Cie. 20877.",True,downloaded,,,宗教声乐作品总谱/c2166992-ea41-4798-a734-32ef8f832066.pdf,"https://imslp.org/wiki/La_pastorale_de_No%C3%ABl_(Hahn,_Reynaldo)",https://imslp.org/wiki/Special:ImagefromIndex/70988/hfpb
P,La pastorale de Noël,,,"Sacred oratorios; Oratorios; Religious works; For voices, mixed chorus, orchestra; Scores featuring the voice; Scores featuring mixed chorus; Scores featuring the orchestra; For voices and chorus with orchestra; French language; Latin language; For 3 trumpets, 2 trombones, tuba (arr); Scores featuring the trumpet (arr); Scores featuring the trombone (arr); Scores featuring the tuba (arr); For 6 players (arr)",宗教声乐作品总谱,宗教清唱剧,"voices, mixed chorus (SATB), orchestra",声乐、混声合唱（SATB）、管弦乐队,总谱及分谱,法语/拉丁语,540785,Complete Score and Parts (Trumpet (B♭)),tabArrTrans,Creative Commons Attribution-NonCommercial-ShareAlike 4.0,Stefan Adams,True,blocked,Error: No direct PDF URL,,宗教声乐作品总谱/4db8d460-cfde-4c4e-9ffc-dd2c5e0f145b.pdf,"https://imslp.org/wiki/La_pastorale_de_No%C3%ABl_(Hahn,_Reynaldo)",https://imslp.org/wiki/Special:ImagefromIndex/540785/hfpb
P,La pastorale de Noël,,,"Sacred oratorios; Oratorios; Religious works; For voices, mixed chorus, orchestra; Scores featuring the voice; Scores featuring mixed chorus; Scores featuring the orchestra; For voices and chorus with orchestra; French language; Latin language; For 3 trumpets, 2 trombones, tuba (arr); Scores featuring the trumpet (arr); Scores featuring the trombone (arr); Scores featuring the tuba (arr); For 6 players (arr)",宗教声乐作品总谱,宗教清唱剧,"voices, mixed chorus (SATB), orchestra",声乐、混声合唱（SATB）、管弦乐队,总谱及分谱,法语/拉丁语,540786,Complete Score and Parts (Trumpet (C)),tabArrTrans,Creative Commons Attribution-NonCommercial-ShareAlike 4.0,Stefan Adams,True,blocked,Error: No direct PDF URL,,宗教声乐作品总谱/9895ae4d-df24-4ec1-b46c-984405a7b444.pdf,"https://imslp.org/wiki/La_pastorale_de_No%C3%ABl_(Hahn,_Reynaldo)",https://imslp.org/wiki/Special:ImagefromIndex/540786/hfpb
P,Paysage,,,"Songs; For voice, piano; For voices with keyboard; Scores featuring the voice; Scores featuring the piano; French language; For piano (arr); For 1 player (arr); Scores featuring the piano (arr)",艺术歌曲,,"voice, piano",声乐、钢琴,声乐、钢琴,法语,86267,Complete Score (C major),tabScore1,Public Domain,"Paris: Heugel, n.d.[1890]. Plate 8315.",True,downloaded,,,艺术歌曲/3fb4f652-2fd9-41d2-b6fa-a51f4438cc16.pdf,"https://imslp.org/wiki/Paysage_(Hahn,_Reynaldo)",https://imslp.org/wiki/Special:ImagefromIndex/86267/hfpb
P,Paysage,,,"Songs; For voice, piano; For voices with keyboard; Scores featuring the voice; Scores featuring the piano; French language; For piano (arr); For 1 player (arr); Scores featuring the piano (arr)",艺术歌曲,,"voice, piano",声乐、钢琴,声乐、钢琴,法语,654749,Complete Score (E♭ major),tabScore1,Public Domain,"Paris: Heugel, n.d. Plate 7226 (2).",True,downloaded,,,艺术歌曲/857823a3-1750-42b4-bb4a-e52e54d1dd5f.pdf,"https://imslp.org/wiki/Paysage_(Hahn,_Reynaldo)",https://imslp.org/wiki/Special:ImagefromIndex/654749/hfpb
P,Paysage,,,"Songs; For voice, piano; For voices with keyboard; Scores featuring the voice; Scores featuring the piano; French language; For piano (arr); For 1 player (arr); Scores featuring the piano (arr)",艺术歌曲,,"voice, piano",声乐、钢琴,声乐、钢琴,法语,824896,Complete Score,tabArrTrans,Public Domain,"Paris: Heugel, 1923. Plate H. 28,495.",True,downloaded,,,艺术歌曲/3e40db18-d93f-4fe6-ae2c-0389235fed91.pdf,"https://imslp.org/wiki/Paysage_(Hahn,_Reynaldo)",https://imslp.org/wiki/Special:ImagefromIndex/824896/hfpb
P,Piano Concerto,E major,E大调,"Concertos; For piano, orchestra; Scores featuring the piano; Scores featuring the orchestra; For orchestra with soloists; For 2 pianos (arr); Scores featuring the piano (arr); For 2 players (arr)",协奏曲总谱,协奏曲,"piano, orchestra",钢琴、管弦乐队,钢琴、管弦乐队,,05794,下载这个文件,tabArrTrans,Public Domain - Non-PD US,"Paris: Heugel & Cie., 1931. Plate H.30,250.",False,pending,,IMSLP 标记为 Non-PD US,协奏曲总谱/baa1967f-903b-416f-bd59-d3190f553c41.pdf,"https://imslp.org/wiki/Piano_Concerto_(Hahn,_Reynaldo)",https://imslp.org/wiki/Special:ImagefromIndex/05794/hfpb
P,Piano Quintet,F-sharp minor,升f小调,"Quintets; For 2 violins, viola, cello, piano; Scores featuring the violin; Scores featuring the viola; Scores featuring the cello; Scores featuring the piano; For 5 players",室内乐,五重奏,"2 Violins, Viola, Cello, and Piano",2把小提琴、中提琴、大提琴、钢琴,总谱及分谱,,103604,Complete Score and Parts,tabScore1,Public Domain,"Paris: Heugel et Cie, 1923. Plate H. 28,175.",True,downloaded,,,室内乐/14d83fca-85af-4b2e-b449-35c8d06133fa.pdf,"https://imslp.org/wiki/Piano_Quintet_(Hahn,_Reynaldo)",https://imslp.org/wiki/Special:ImagefromIndex/103604/hfpb
P,Pièce en Forme d'Aria et Bergerie,,,"Pieces; Arias; For piano 4 hands; Scores featuring the piano; Scores featuring the piano 4 hands; For 2 players; For flute, harp, viola (arr); Scores featuring the flute (arr); Scores featuring the harp (arr); Scores featuring the viola (arr); For 3 players (arr)",室内乐,小品,piano 4-hands,钢琴四手联弹,钢琴四手联弹,,11427,Complete Score,tabScore1,Public Domain,"Paris: Heugel & Cie., 1896. Plate H. et Cie. 18433.",True,downloaded,,,室内乐/2cf6daf6-639c-42c3-aba7-1a1c80f7ecd4.pdf,"https://imslp.org/wiki/Pi%C3%A8ce_en_forme_d%27aria_et_bergerie_(Hahn,_Reynaldo)",https://imslp.org/wiki/Special:ImagefromIndex/11427/hfpb
P,Pièce en Forme d'Aria et Bergerie,,,"Pieces; Arias; For piano 4 hands; Scores featuring the piano; Scores featuring the piano 4 hands; For 2 players; For flute, harp, viola (arr); Scores featuring the flute (arr); Scores featuring the harp (arr); Scores featuring the viola (arr); For 3 players (arr)",室内乐,小品,piano 4-hands,钢琴四手联弹,钢琴四手联弹,,547676,Complete Score,tabArrTrans,Creative Commons Attribution-NonCommercial 4.0,"Markus Riehl, 2018.",True,blocked,Error: No direct PDF URL,,室内乐/73626b8d-3b7b-4c39-a7b7-a8cbd096c39e.pdf,"https://imslp.org/wiki/Pi%C3%A8ce_en_forme_d%27aria_et_bergerie_(Hahn,_Reynaldo)",https://imslp.org/wiki/Special:ImagefromIndex/547676/hfpb
P,Pièce en Forme d'Aria et Bergerie,,,"Pieces; Arias; For piano 4 hands; Scores featuring the piano; Scores featuring the piano 4 hands; For 2 players; For flute, harp, viola (arr); Scores featuring the flute (arr); Scores featuring the harp (arr); Scores featuring the viola (arr); For 3 players (arr)",室内乐,小品,piano 4-hands,钢琴四手联弹,长笛分谱,,547674,Flute,tabArrTrans,Creative Commons Attribution-NonCommercial 4.0,"Markus Riehl, 2018.",True,blocked,Error: No direct PDF URL,,室内乐/fa422b40-f9f0-4683-86f5-acc8a42b1839.pdf,"https://imslp.org/wiki/Pi%C3%A8ce_en_forme_d%27aria_et_bergerie_(Hahn,_Reynaldo)",https://imslp.org/wiki/Special:ImagefromIndex/547674/hfpb
P,Pièce en Forme d'Aria et Bergerie,,,"Pieces; Arias; For piano 4 hands; Scores featuring the piano; Scores featuring the piano 4 hands; For 2 players; For flute, harp, viola (arr); Scores featuring the flute (arr); Scores featuring the harp (arr); Scores featuring the viola (arr); For 3 players (arr)",室内乐,小品,piano 4-hands,钢琴四手联弹,钢琴四手联弹,,547675,Harp,tabArrTrans,Creative Commons Attribution-NonCommercial 4.0,"Markus Riehl, 2018.",True,blocked,Error: No direct PDF URL,,室内乐/ad182086-73fe-436d-8cc2-a5998bd04395.pdf,"https://imslp.org/wiki/Pi%C3%A8ce_en_forme_d%27aria_et_bergerie_(Hahn,_Reynaldo)",https://imslp.org/wiki/Special:ImagefromIndex/547675/hfpb
P,Pièce en Forme d'Aria et Bergerie,,,"Pieces; Arias; For piano 4 hands; Scores featuring the piano; Scores featuring the piano 4 hands; For 2 players; For flute, harp, viola (arr); Scores featuring the flute (arr); Scores featuring the harp (arr); Scores featuring the viola (arr); For 3 players (arr)",室内乐,小品,piano 4-hands,钢琴四手联弹,中提琴分谱,,547677,Viola,tabArrTrans,Creative Commons Attribution-NonCommercial 4.0,"Markus Riehl, 2018.",True,blocked,Error: No direct PDF URL,,室内乐/59f16b56-8021-4b16-9292-4d9818d3fdec.pdf,"https://imslp.org/wiki/Pi%C3%A8ce_en_forme_d%27aria_et_bergerie_(Hahn,_Reynaldo)",https://imslp.org/wiki/Special:ImagefromIndex/547677/hfpb
P,2 Pièces pour flûte et piano,see below,see below,"Pieces; For flute, piano; Scores featuring the flute; Scores featuring the piano; For 2 players",室内乐,小品,"Flute, Piano",长笛、钢琴,钢琴谱,,76977,Piano Score,tabScore1,Public Domain,"Paris: Heugel, 1913. Plates H. & Cie. 26,124 and 26,125.",True,downloaded,,,室内乐/293313ec-9010-4778-82b7-e3f4bae837f3.pdf,"https://imslp.org/wiki/2_Pi%C3%A8ces_pour_fl%C3%BBte_et_piano_(Hahn,_Reynaldo)",https://imslp.org/wiki/Special:ImagefromIndex/76977/hfpb
P,2 Pièces pour flûte et piano,see below,see below,"Pieces; For flute, piano; Scores featuring the flute; Scores featuring the piano; For 2 players",室内乐,小品,"Flute, Piano",长笛、钢琴,长笛分谱,,76976,Flute Part,tabScore1,Public Domain,"Paris: Heugel, 1913. Plates H. & Cie. 26,124 and 26,125.",True,downloaded,,,室内乐/1f312b99-90b9-4c78-9cc1-01771b105398.pdf,"https://imslp.org/wiki/2_Pi%C3%A8ces_pour_fl%C3%BBte_et_piano_(Hahn,_Reynaldo)",https://imslp.org/wiki/Special:ImagefromIndex/76976/hfpb
P,2 Pièces pour flûte et piano,see below,see below,"Pieces; For flute, piano; Scores featuring the flute; Scores featuring the piano; For 2 players",室内乐,小品,"Flute, Piano",长笛、钢琴,钢琴谱／长笛分谱,,91213,"Piano Score, Flute Part",tabScore1,Public Domain,"Paris: Heugel & Cie., 1913. Plates H. & Cie. 26,124 and 26,125.",True,downloaded,,,室内乐/0b94d73f-b12d-41be-a6d9-a6e576b45df5.pdf,"https://imslp.org/wiki/2_Pi%C3%A8ces_pour_fl%C3%BBte_et_piano_(Hahn,_Reynaldo)",https://imslp.org/wiki/Special:ImagefromIndex/91213/hfpb
P,Le plus beau présent,,,"Songs; For voice, piano; For voices with keyboard; Scores featuring the voice; Scores featuring the piano; French language",艺术歌曲,,"Voice, Piano",声乐、钢琴,声乐、钢琴,法语,91809,Complete Score,tabScore1,Public Domain,"Mélodies de Reynaldo Hahn, Vol.2, No.18Paris: Heugel, 1917. Plate H. 27,627",True,downloaded,,,艺术歌曲/1c100685-febd-47d7-bf22-2749bd4ab901.pdf,"https://imslp.org/wiki/Le_plus_beau_pr%C3%A9sent_(Hahn,_Reynaldo)",https://imslp.org/wiki/Special:ImagefromIndex/91809/hfpb
P,Portraits de peintres,,,Pieces; For piano; Scores featuring the piano; For 1 player,器乐独奏,小品,Piano solo,钢琴独奏,钢琴独奏,,03224,Complete Score,tabScore1,Public Domain,"Paris: Heugel & Cie., 1896. Plates 18.387-18.390",True,downloaded,,,器乐独奏/e48abd0a-f116-4477-b925-8263b1020d4a.pdf,"https://imslp.org/wiki/Portraits_de_peintres_(Hahn,_Reynaldo)",https://imslp.org/wiki/Special:ImagefromIndex/03224/hfpb
P,Pour bercer un convalescent,,,Pieces; For 2 pianos; Scores featuring the piano; For 2 players,室内乐,小品,2 pianos,双钢琴,双钢琴,,45445,Complete Score,tabScore1,Public Domain,"Paris: Heugel & Cie., 1916. Plate 26,879.",True,downloaded,,,室内乐/136bca31-c19d-4203-b88a-765bec9776c7.pdf,"https://imslp.org/wiki/Pour_bercer_un_convalescent_(Hahn,_Reynaldo)",https://imslp.org/wiki/Special:ImagefromIndex/45445/hfpb
P,Pour bercer un convalescent,,,Pieces; For 2 pianos; Scores featuring the piano; For 2 players,室内乐,小品,2 pianos,双钢琴,双钢琴,,143231,Complete Score,tabScore1,Public Domain,"Paris: Heugel & Cie., 1916. Plate 26,879.",True,downloaded,,,室内乐/927ca765-acd2-4b37-bce1-875dff9167b5.pdf,"https://imslp.org/wiki/Pour_bercer_un_convalescent_(Hahn,_Reynaldo)",https://imslp.org/wiki/Special:ImagefromIndex/143231/hfpb
P,Pour bercer un convalescent,,,Pieces; For 2 pianos; Scores featuring the piano; For 2 players,室内乐,小品,2 pianos,双钢琴,双钢琴,,143232,Color cover,tabScore1,Public Domain,"Paris: Heugel & Cie., 1916. Plate 26,879.",True,downloaded,,,室内乐/b900848d-e850-4e8d-b53f-20eae09dfeda.pdf,"https://imslp.org/wiki/Pour_bercer_un_convalescent_(Hahn,_Reynaldo)",https://imslp.org/wiki/Special:ImagefromIndex/143232/hfpb
P,"Prélude, Valse et Rigaudon pour harpe chromatique avec acompagnement de piano.",C minor,c小调,"Preludes; For harp, piano; Scores featuring the harp; Scores featuring the piano; For 2 players; For harp, orchestra (arr); Scores featuring the harp (arr); Scores featuring the orchestra (arr); For orchestra with soloists (arr)",管弦乐/交响曲,前奏曲,"chromatic harp, piano",chromatic竖琴、钢琴,总谱及分谱,,799521,Complete Score and Parts,tabArrTrans,Creative Commons Attribution-ShareAlike 4.0,"Juan Francisco Sans, 2002.",True,blocked,Error: No direct PDF URL,,管弦乐/交响曲/c586ec97-cb56-447e-8c4b-3549b83cf63d.pdf,"https://imslp.org/wiki/Pr%C3%A9lude,_Valse_et_Rigaudon_(Hahn,_Reynaldo)",https://imslp.org/wiki/Special:ImagefromIndex/799521/hfpb
P,3 Préludes sur des airs populaires irlandais,,,Preludes; For piano 4 hands; Scores featuring the piano; Scores featuring the piano 4 hands; For 2 players,室内乐,前奏曲,piano 4-hands,钢琴四手联弹,钢琴四手联弹,,45419,Complete Score,tabScore1,Public Domain,"Paris: Heugel & Cie., 1894. Plate H. et Cie. 9729.",True,downloaded,,,室内乐/ef727339-c9b6-4c72-bf29-d276c5f892e6.pdf,"https://imslp.org/wiki/3_Pr%C3%A9ludes_sur_des_airs_populaires_irlandais_(Hahn,_Reynaldo)",https://imslp.org/wiki/Special:ImagefromIndex/45419/hfpb
P,Premières Valses,,,Waltzes; Dances; For piano; Scores featuring the piano; For 1 player,器乐独奏,圆舞曲,piano,钢琴,钢琴独奏,,03225,Complete score of all movements,tabScore1,Public Domain,"Paris: Heugel & Cie., 1898, Plates 19139, 19140 (1-10)",True,downloaded,,,器乐独奏/77dd8859-6459-4d37-9369-68a020dc1d99.pdf,"https://imslp.org/wiki/Premi%C3%A8res_valses_(Hahn,_Reynaldo)",https://imslp.org/wiki/Special:ImagefromIndex/03225/hfpb
P,Le printemps,E major,E大调,"Songs; For voice, piano; For voices with keyboard; Scores featuring the voice; Scores featuring the piano; French language",艺术歌曲,,"voice, piano",声乐、钢琴,声乐、钢琴,法语,91810,Complete Score,tabScore1,Public Domain,"Mélodies de Reynaldo Hahn, Vol.2, No.11Paris: Heugel, 1899. Plate H. 27,627",True,downloaded,,,艺术歌曲/4f3e6ddc-e86c-474c-bec4-fd5b4bf8b0ba.pdf,"https://imslp.org/wiki/Le_printemps_(Hahn,_Reynaldo)",https://imslp.org/wiki/Special:ImagefromIndex/91810/hfpb
P,Prométhée triomphant,,,"Secular oratorios; Oratorios; For voices, mixed chorus, orchestra; Scores featuring the voice; Scores featuring mixed chorus; Scores featuring the orchestra; For voices and chorus with orchestra; French language",音乐会咏叹调/世俗康塔塔,世俗清唱剧,"voices, chorus, orchestra",声乐、合唱、管弦乐队,声乐、合唱、管弦乐队,法语,877347,Complete Score,tabScore1,Public Domain - Non-PD EU,"Paris: Heugel, 1908.",True,downloaded,,,音乐会咏叹调/世俗康塔塔/9faacfa9-c89f-4efe-b6cc-ebfe150f9dbe.pdf,"https://imslp.org/wiki/Prom%C3%A9th%C3%A9e_triomphant_(Hahn,_Reynaldo)",https://imslp.org/wiki/Special:ImagefromIndex/877347/hfpb
P,Piusque j'ai mis ma lèvre,E major,E大调,"Songs; For voice, piano; For voices with keyboard; Scores featuring the voice; Scores featuring the piano; French language",艺术歌曲,,"Voice, Piano",声乐、钢琴,声乐、钢琴,法语,91815,Complete Score,tabScore1,Public Domain,"Mélodies de Reynaldo Hahn, Vol.2, No.19Paris: Heugel, 1917. Plate H. 27,627",True,downloaded,,,艺术歌曲/caa91414-67e0-42d7-921a-32956e9e952e.pdf,"https://imslp.org/wiki/Puisque_j%27ai_mis_ma_l%C3%A8vre_(Hahn,_Reynaldo)",https://imslp.org/wiki/Special:ImagefromIndex/91815/hfpb
Q,Quand je fus pris au pavillon,F-sharp major,升F大调,"Songs; For voice, piano; For voices with keyboard; Scores featuring the voice; Scores featuring the piano; French language",艺术歌曲,,"voice, piano",声乐、钢琴,声乐、钢琴,法语,47956,Complete Score,tabScore1,Public Domain,"20 MélodiesParis: Heugel, 1899, plate H. & Cie. 27,627",True,downloaded,,,艺术歌曲/97ab1f10-ad74-40c2-855a-636567f021d2.pdf,"https://imslp.org/wiki/Quand_je_fus_pris_au_pavillon_(Hahn,_Reynaldo)",https://imslp.org/wiki/Special:ImagefromIndex/47956/hfpb
Q,Quand je fus pris au pavillon,F-sharp major,升F大调,"Songs; For voice, piano; For voices with keyboard; Scores featuring the voice; Scores featuring the piano; French language",艺术歌曲,,"voice, piano",声乐、钢琴,声乐、钢琴,法语,86055,Complete Score (alternate copy),tabScore1,Public Domain,"20 MélodiesParis: Heugel, 1899, plate H. & Cie. 27,627",True,downloaded,,,艺术歌曲/c1ea4215-acb6-4ebe-87bb-53fef1cd26f3.pdf,"https://imslp.org/wiki/Quand_je_fus_pris_au_pavillon_(Hahn,_Reynaldo)",https://imslp.org/wiki/Special:ImagefromIndex/86055/hfpb
Q,Quand la nuit n'est pas étoilée,,,"Songs; For voice, piano; For voices with keyboard; Scores featuring the voice; Scores featuring the piano; French language",艺术歌曲,,"Voice, Piano",声乐、钢琴,声乐、钢琴,法语,87088,Complete Score,tabScore1,Public Domain,"Paris: Heugel, 1900. Plate H. 27627.",True,downloaded,,,艺术歌曲/96211661-55ab-4192-a4e2-be27b68759d1.pdf,"https://imslp.org/wiki/Quand_la_nuit_n%27est_pas_%C3%A9toil%C3%A9e_(Hahn,_Reynaldo)",https://imslp.org/wiki/Special:ImagefromIndex/87088/hfpb
R,Rêverie pour piano,A minor,a小调,Pieces; For piano; Scores featuring the piano; For 1 player,器乐独奏,小品,Piano,钢琴,钢琴独奏,,824772,Complete Score,tabScore1,Public Domain,"Paris: Rouart, Lerolle & Cie., 1910. Plate R.L. 10822 et Cie.",True,downloaded,,,器乐独奏/3ea6f529-5f17-4b84-9260-7a34465f4934.pdf,"https://imslp.org/wiki/R%C3%AAverie_pour_piano_(Hahn,_Reynaldo)",https://imslp.org/wiki/Special:ImagefromIndex/824772/hfpb
R,Les rêveries du Prince Églantine,,,Pieces; For piano; Scores featuring the piano; For 1 player,器乐独奏,小品,piano,钢琴,钢琴独奏,,391906,Complete Score,tabScore1,Public Domain,"Paris: Heugel et Cie, n.d. [1906]. Plate H. & Cie. 23,121.",True,downloaded,,,器乐独奏/c90577b8-5d58-4944-889b-6902f8156805.pdf,"https://imslp.org/wiki/Les_r%C3%AAveries_du_Prince_%C3%89glantine_(Hahn,_Reynaldo)",https://imslp.org/wiki/Special:ImagefromIndex/391906/hfpb
R,Les rêveries du Prince Églantine,,,Pieces; For piano; Scores featuring the piano; For 1 player,器乐独奏,小品,piano,钢琴,钢琴独奏,,391907,Covers,tabScore1,Public Domain,"Paris: Heugel et Cie, n.d. [1906]. Plate H. & Cie. 23,121.",True,downloaded,,,器乐独奏/dc02e64d-9b98-4fa4-8bd7-d99793b9e178.pdf,"https://imslp.org/wiki/Les_r%C3%AAveries_du_Prince_%C3%89glantine_(Hahn,_Reynaldo)",https://imslp.org/wiki/Special:ImagefromIndex/391907/hfpb
R,Rêverie,,,"Songs; For voice, piano; For voices with keyboard; Scores featuring the voice; Scores featuring the piano; French language; For piano (arr); For 1 player (arr); Scores featuring the piano (arr)",艺术歌曲,,"voice, piano",声乐、钢琴,声乐、钢琴,法语,89155,Complete Score,tabScore1,Public Domain,"Mélodies de Reynaldo Hahn, 1er volumeParis: Heugel, 1895. Plate H. & Cie. 8315.",True,downloaded,,,艺术歌曲/9da8387c-c778-46c3-b9e2-21bd3259ef9c.pdf,"https://imslp.org/wiki/R%C3%AAverie_(Hahn,_Reynaldo)",https://imslp.org/wiki/Special:ImagefromIndex/89155
R,Rêverie,,,"Songs; For voice, piano; For voices with keyboard; Scores featuring the voice; Scores featuring the piano; French language; For piano (arr); For 1 player (arr); Scores featuring the piano (arr)",艺术歌曲,,"voice, piano",声乐、钢琴,声乐、钢琴,法语,824922,Complete Score,tabArrTrans,Public Domain,"Paris: Heugel, 1923. Plate H. 28,496.",True,downloaded,,,艺术歌曲/b6a704ce-ef7a-40aa-89db-199a255e63dc.pdf,"https://imslp.org/wiki/R%C3%AAverie_(Hahn,_Reynaldo)",https://imslp.org/wiki/Special:ImagefromIndex/824922
R,Romanesque,,,"Pieces; For flute, viola, piano; Scores featuring the flute; Scores featuring the viola; Scores featuring the piano; For 3 players; for flute, alto clarinet and piano (arr); For flute, clarinet, piano (arr); Scores featuring the flute (arr); Scores featuring the clarinet (arr); Scores featuring the piano (arr); For 3 players (arr)",室内乐,小品,"flute, viola, piano",长笛、中提琴、钢琴,长笛、中提琴、钢琴,,1042389,Complete Score,tabScore1,Public Domain,"Paris: Heugel & Cie., 1910. Plate H. & Cie. 24,535.",True,downloaded,,,室内乐/9ae163e3-9387-495f-a8f5-3a5654adfca0.pdf,"https://imslp.org/wiki/Romanesque_(Hahn,_Reynaldo)",https://imslp.org/wiki/Special:ImagefromIndex/1042389/hfpb
R,Romanesque,,,"Pieces; For flute, viola, piano; Scores featuring the flute; Scores featuring the viola; Scores featuring the piano; For 3 players; for flute, alto clarinet and piano (arr); For flute, clarinet, piano (arr); Scores featuring the flute (arr); Scores featuring the clarinet (arr); Scores featuring the piano (arr); For 3 players (arr)",室内乐,小品,"flute, viola, piano",长笛、中提琴、钢琴,长笛、中提琴、钢琴,,1042390,Flute,tabScore1,Public Domain,"Paris: Heugel & Cie., 1910. Plate H. & Cie. 24,535.",True,downloaded,,,室内乐/af8bc7a6-9595-4244-ac7c-a815d5442eb3.pdf,"https://imslp.org/wiki/Romanesque_(Hahn,_Reynaldo)",https://imslp.org/wiki/Special:ImagefromIndex/1042390/hfpb
R,Romanesque,,,"Pieces; For flute, viola, piano; Scores featuring the flute; Scores featuring the viola; Scores featuring the piano; For 3 players; for flute, alto clarinet and piano (arr); For flute, clarinet, piano (arr); Scores featuring the flute (arr); Scores featuring the clarinet (arr); Scores featuring the piano (arr); For 3 players (arr)",室内乐,小品,"flute, viola, piano",长笛、中提琴、钢琴,长笛、中提琴、钢琴,,1042391,Viola,tabScore1,Public Domain,"Paris: Heugel & Cie., 1910. Plate H. & Cie. 24,535.",True,downloaded,,,室内乐/7f70673e-d096-4164-8f99-1689aeb12c0e.pdf,"https://imslp.org/wiki/Romanesque_(Hahn,_Reynaldo)",https://imslp.org/wiki/Special:ImagefromIndex/1042391/hfpb
R,Romanesque,,,"Pieces; For flute, viola, piano; Scores featuring the flute; Scores featuring the viola; Scores featuring the piano; For 3 players; for flute, alto clarinet and piano (arr); For flute, clarinet, piano (arr); Scores featuring the flute (arr); Scores featuring the clarinet (arr); Scores featuring the piano (arr); For 3 players (arr)",室内乐,小品,"flute, viola, piano",长笛、中提琴、钢琴,单簧管分谱,,1041962,Clarinet (B♭),tabArrTrans,Creative Commons Attribution 4.0,Giuliano Forghieri,True,blocked,Error: No direct PDF URL,,室内乐/4a6a0a34-681c-4240-bdcc-6be32242a362.pdf,"https://imslp.org/wiki/Romanesque_(Hahn,_Reynaldo)",https://imslp.org/wiki/Special:ImagefromIndex/1041962/hfpb
R,Romanesque,,,"Pieces; For flute, viola, piano; Scores featuring the flute; Scores featuring the viola; Scores featuring the piano; For 3 players; for flute, alto clarinet and piano (arr); For flute, clarinet, piano (arr); Scores featuring the flute (arr); Scores featuring the clarinet (arr); Scores featuring the piano (arr); For 3 players (arr)",室内乐,小品,"flute, viola, piano",长笛、中提琴、钢琴,单簧管分谱,,1041963,Alto Clarinet (E♭),tabArrTrans,Creative Commons Attribution 4.0,Giuliano Forghieri,True,blocked,Error: No direct PDF URL,,室内乐/8ac4ac34-4227-41a5-91f7-f8a906d9553f.pdf,"https://imslp.org/wiki/Romanesque_(Hahn,_Reynaldo)",https://imslp.org/wiki/Special:ImagefromIndex/1041963/hfpb
R,Rondels,,,"Songs; For voice, piano; For voices with keyboard; Scores featuring the voice; Scores featuring the piano; French language",艺术歌曲,,"voice, piano",声乐、钢琴,声乐、钢琴,法语,92289,Complete Score,tabScore1,Public Domain,"Paris: Heugel & Cie, 1899. Plates H. & Cie. 19,721-32.",True,downloaded,,,艺术歌曲/412a41ac-00de-44d6-b95c-31bae7823e56.pdf,"https://imslp.org/wiki/12_Rondels_(Hahn,_Reynaldo)",https://imslp.org/wiki/Special:ImagefromIndex/92289/hfpb
R,Rondels,,,"Songs; For voice, piano; For voices with keyboard; Scores featuring the voice; Scores featuring the piano; French language",艺术歌曲,,"voice, piano",声乐、钢琴,声乐、钢琴,法语,244356,Complete Score,tabScore1,Public Domain,"Paris: Heugel & Cie, 1899. Plates H. & Cie. 19,721-32.",True,downloaded,,,艺术歌曲/0cee2118-3014-446a-b0ed-2d4e727e7338.pdf,"https://imslp.org/wiki/12_Rondels_(Hahn,_Reynaldo)",https://imslp.org/wiki/Special:ImagefromIndex/244356/hfpb
R,Le Rossignol des Lilas,,,"Songs; For voice, piano; For voices with keyboard; Scores featuring the voice; Scores featuring the piano; French language",艺术歌曲,,"Voice, Piano",声乐、钢琴,声乐、钢琴,法语,86433,Complete Score,tabScore1,Public Domain,"Paris: Heugel, n.d. (1896). Plate 27627",True,downloaded,,,艺术歌曲/8513a219-9a7d-45e8-a3ca-67cbedaec235.pdf,"https://imslp.org/wiki/Le_rossignol_des_lilas_(Hahn,_Reynaldo)",https://imslp.org/wiki/Special:ImagefromIndex/86433/hfpb
R,Le rossignol éperdu,,,Pieces; For piano; Scores featuring the piano; For 1 player,器乐独奏,小品,piano,钢琴,钢琴独奏,,671034,Complete Score,tabScore1,Public Domain,"Paris: Heugel, 1912. Plate H. & Cie. 25161–90.",True,downloaded,,,器乐独奏/6ea40a1e-d9b3-4534-90f7-849cd0139bd1.pdf,"https://imslp.org/wiki/Le_rossignol_%C3%A9perdu_(Hahn,_Reynaldo)",https://imslp.org/wiki/Special:ImagefromIndex/671034/hfpb
R,Le rossignol éperdu,,,Pieces; For piano; Scores featuring the piano; For 1 player,器乐独奏,小品,piano,钢琴,钢琴独奏,,13899,下载这个文件,tabScore1,Public Domain,"Paris: Heugel, 1912. Plate H. & Cie. 25161–90.",True,downloaded,,,器乐独奏/c69bbc07-4848-4031-9c55-f09b45178614.pdf,"https://imslp.org/wiki/Le_rossignol_%C3%A9perdu_(Hahn,_Reynaldo)",https://imslp.org/wiki/Special:ImagefromIndex/13899/hfpb
R,Le rossignol éperdu,,,Pieces; For piano; Scores featuring the piano; For 1 player,器乐独奏,小品,piano,钢琴,钢琴独奏,,13900,下载这个文件,tabScore1,Public Domain,"Paris: Heugel, 1912. Plate H. & Cie. 25161–90.",True,downloaded,,,器乐独奏/ef6b8493-6791-41a9-b2c6-6fb6215d4cce.pdf,"https://imslp.org/wiki/Le_rossignol_%C3%A9perdu_(Hahn,_Reynaldo)",https://imslp.org/wiki/Special:ImagefromIndex/13900/hfpb
R,Le rossignol éperdu,,,Pieces; For piano; Scores featuring the piano; For 1 player,器乐独奏,小品,piano,钢琴,钢琴独奏,,13901,下载这个文件,tabScore1,Public Domain,"Paris: Heugel, 1912. Plate H. & Cie. 25161–90.",True,downloaded,,,器乐独奏/db060473-ec13-4c38-bbd1-93a706b380ef.pdf,"https://imslp.org/wiki/Le_rossignol_%C3%A9perdu_(Hahn,_Reynaldo)",https://imslp.org/wiki/Special:ImagefromIndex/13901/hfpb
R,Le rossignol éperdu,,,Pieces; For piano; Scores featuring the piano; For 1 player,器乐独奏,小品,piano,钢琴,钢琴独奏,,11534,下载这个文件,tabScore1,Public Domain,"Paris: Heugel, 1912. Plate H. & Cie. 25161–90.",True,downloaded,,,器乐独奏/ec233362-7593-4261-ab01-fcc2055069b1.pdf,"https://imslp.org/wiki/Le_rossignol_%C3%A9perdu_(Hahn,_Reynaldo)",https://imslp.org/wiki/Special:ImagefromIndex/11534/hfpb
R,Le rossignol éperdu,,,Pieces; For piano; Scores featuring the piano; For 1 player,器乐独奏,小品,piano,钢琴,钢琴独奏,,11535,下载这个文件,tabScore1,Public Domain,"Paris: Heugel, 1912. Plate H. & Cie. 25161–90.",True,downloaded,,,器乐独奏/a6816938-0efe-46a8-a904-467a270259c4.pdf,"https://imslp.org/wiki/Le_rossignol_%C3%A9perdu_(Hahn,_Reynaldo)",https://imslp.org/wiki/Special:ImagefromIndex/11535/hfpb
R,Le rossignol éperdu,,,Pieces; For piano; Scores featuring the piano; For 1 player,器乐独奏,小品,piano,钢琴,钢琴独奏,,13904,下载这个文件,tabScore1,Public Domain,"Paris: Heugel, 1912. Plate H. & Cie. 25161–90.",True,downloaded,,,器乐独奏/aa20c5cf-17d4-449f-a09e-bfeba7ca5f18.pdf,"https://imslp.org/wiki/Le_rossignol_%C3%A9perdu_(Hahn,_Reynaldo)",https://imslp.org/wiki/Special:ImagefromIndex/13904/hfpb
R,Le rossignol éperdu,,,Pieces; For piano; Scores featuring the piano; For 1 player,器乐独奏,小品,piano,钢琴,钢琴独奏,,21881,下载这个文件,tabScore1,Public Domain,"Paris: Heugel, 1912. Plate H. & Cie. 25161–90.",True,downloaded,,,器乐独奏/2c8393ce-dcec-4991-b73c-4f962dc3c8b3.pdf,"https://imslp.org/wiki/Le_rossignol_%C3%A9perdu_(Hahn,_Reynaldo)",https://imslp.org/wiki/Special:ImagefromIndex/21881/hfpb
R,Le rossignol éperdu,,,Pieces; For piano; Scores featuring the piano; For 1 player,器乐独奏,小品,piano,钢琴,钢琴独奏,,21882,下载这个文件,tabScore1,Public Domain,"Paris: Heugel, 1912. Plate H. & Cie. 25161–90.",True,downloaded,,,器乐独奏/67ce6a66-1170-4d2e-9212-01e2021d5fd9.pdf,"https://imslp.org/wiki/Le_rossignol_%C3%A9perdu_(Hahn,_Reynaldo)",https://imslp.org/wiki/Special:ImagefromIndex/21882/hfpb
R,Le rossignol éperdu,,,Pieces; For piano; Scores featuring the piano; For 1 player,器乐独奏,小品,piano,钢琴,钢琴独奏,,21883,下载这个文件,tabScore1,Public Domain,"Paris: Heugel, 1912. Plate H. & Cie. 25161–90.",True,downloaded,,,器乐独奏/e63b18cb-4cfe-4256-9475-0458756e2e1d.pdf,"https://imslp.org/wiki/Le_rossignol_%C3%A9perdu_(Hahn,_Reynaldo)",https://imslp.org/wiki/Special:ImagefromIndex/21883/hfpb
R,Le rossignol éperdu,,,Pieces; For piano; Scores featuring the piano; For 1 player,器乐独奏,小品,piano,钢琴,钢琴独奏,,21884,下载这个文件,tabScore1,Public Domain,"Paris: Heugel, 1912. Plate H. & Cie. 25161–90.",True,downloaded,,,器乐独奏/b14595e6-6e3d-4131-b444-78a01376add5.pdf,"https://imslp.org/wiki/Le_rossignol_%C3%A9perdu_(Hahn,_Reynaldo)",https://imslp.org/wiki/Special:ImagefromIndex/21884/hfpb
R,Le rossignol éperdu,,,Pieces; For piano; Scores featuring the piano; For 1 player,器乐独奏,小品,piano,钢琴,钢琴独奏,,21885,下载这个文件,tabScore1,Public Domain,"Paris: Heugel, 1912. Plate H. & Cie. 25161–90.",True,downloaded,,,器乐独奏/3d4d4aea-ec0a-47b7-b766-f71126779590.pdf,"https://imslp.org/wiki/Le_rossignol_%C3%A9perdu_(Hahn,_Reynaldo)",https://imslp.org/wiki/Special:ImagefromIndex/21885/hfpb
R,Le rossignol éperdu,,,Pieces; For piano; Scores featuring the piano; For 1 player,器乐独奏,小品,piano,钢琴,钢琴独奏,,21886,下载这个文件,tabScore1,Public Domain,"Paris: Heugel, 1912. Plate H. & Cie. 25161–90.",True,downloaded,,,器乐独奏/9e965872-7e3d-4cbd-8527-3f81eb26d6d4.pdf,"https://imslp.org/wiki/Le_rossignol_%C3%A9perdu_(Hahn,_Reynaldo)",https://imslp.org/wiki/Special:ImagefromIndex/21886/hfpb
R,Le rossignol éperdu,,,Pieces; For piano; Scores featuring the piano; For 1 player,器乐独奏,小品,piano,钢琴,钢琴独奏,,21887,下载这个文件,tabScore1,Public Domain,"Paris: Heugel, 1912. Plate H. & Cie. 25161–90.",True,downloaded,,,器乐独奏/7546d055-1db7-405e-b061-a1bd03848074.pdf,"https://imslp.org/wiki/Le_rossignol_%C3%A9perdu_(Hahn,_Reynaldo)",https://imslp.org/wiki/Special:ImagefromIndex/21887/hfpb
R,Le rossignol éperdu,,,Pieces; For piano; Scores featuring the piano; For 1 player,器乐独奏,小品,piano,钢琴,钢琴独奏,,13897,下载这个文件,tabScore1,Public Domain,"Paris: Heugel, 1912. Plate H. & Cie. 25161–90.",True,downloaded,,,器乐独奏/bab3e0fb-5646-41fb-a775-9d2dacb0ee8c.pdf,"https://imslp.org/wiki/Le_rossignol_%C3%A9perdu_(Hahn,_Reynaldo)",https://imslp.org/wiki/Special:ImagefromIndex/13897/hfpb
R,Le rossignol éperdu,,,Pieces; For piano; Scores featuring the piano; For 1 player,器乐独奏,小品,piano,钢琴,钢琴独奏,,22040,下载这个文件,tabScore1,Public Domain,"Paris: Heugel, 1912. Plate H. & Cie. 25161–90.",True,downloaded,,,器乐独奏/33d8534a-62c7-4d66-9f3e-7f78be9f053a.pdf,"https://imslp.org/wiki/Le_rossignol_%C3%A9perdu_(Hahn,_Reynaldo)",https://imslp.org/wiki/Special:ImagefromIndex/22040/hfpb
R,Le rossignol éperdu,,,Pieces; For piano; Scores featuring the piano; For 1 player,器乐独奏,小品,piano,钢琴,钢琴独奏,,22041,下载这个文件,tabScore1,Public Domain,"Paris: Heugel, 1912. Plate H. & Cie. 25161–90.",True,downloaded,,,器乐独奏/59ee990c-b08a-4a3d-ab2b-4e9d6ca44432.pdf,"https://imslp.org/wiki/Le_rossignol_%C3%A9perdu_(Hahn,_Reynaldo)",https://imslp.org/wiki/Special:ImagefromIndex/22041/hfpb
R,Le rossignol éperdu,,,Pieces; For piano; Scores featuring the piano; For 1 player,器乐独奏,小品,piano,钢琴,钢琴独奏,,22042,下载这个文件,tabScore1,Public Domain,"Paris: Heugel, 1912. Plate H. & Cie. 25161–90.",True,downloaded,,,器乐独奏/df9332f5-9014-47ca-b8b2-589ac541a12b.pdf,"https://imslp.org/wiki/Le_rossignol_%C3%A9perdu_(Hahn,_Reynaldo)",https://imslp.org/wiki/Special:ImagefromIndex/22042/hfpb
R,Le rossignol éperdu,,,Pieces; For piano; Scores featuring the piano; For 1 player,器乐独奏,小品,piano,钢琴,钢琴独奏,,22043,下载这个文件,tabScore1,Public Domain,"Paris: Heugel, 1912. Plate H. & Cie. 25161–90.",True,downloaded,,,器乐独奏/fd9ceceb-7d27-4eb0-a58d-5837ae9bd8b0.pdf,"https://imslp.org/wiki/Le_rossignol_%C3%A9perdu_(Hahn,_Reynaldo)",https://imslp.org/wiki/Special:ImagefromIndex/22043/hfpb
R,Le rossignol éperdu,,,Pieces; For piano; Scores featuring the piano; For 1 player,器乐独奏,小品,piano,钢琴,钢琴独奏,,22044,下载这个文件,tabScore1,Public Domain,"Paris: Heugel, 1912. Plate H. & Cie. 25161–90.",True,downloaded,,,器乐独奏/6fa5cd38-59f4-47aa-ade8-a8656c23f19d.pdf,"https://imslp.org/wiki/Le_rossignol_%C3%A9perdu_(Hahn,_Reynaldo)",https://imslp.org/wiki/Special:ImagefromIndex/22044/hfpb
R,Le rossignol éperdu,,,Pieces; For piano; Scores featuring the piano; For 1 player,器乐独奏,小品,piano,钢琴,钢琴独奏,,22045,下载这个文件,tabScore1,Public Domain,"Paris: Heugel, 1912. Plate H. & Cie. 25161–90.",True,downloaded,,,器乐独奏/fa076584-165a-4024-9dec-ceaecc87477d.pdf,"https://imslp.org/wiki/Le_rossignol_%C3%A9perdu_(Hahn,_Reynaldo)",https://imslp.org/wiki/Special:ImagefromIndex/22045/hfpb
R,Le rossignol éperdu,,,Pieces; For piano; Scores featuring the piano; For 1 player,器乐独奏,小品,piano,钢琴,钢琴独奏,,11536,下载这个文件,tabScore1,Public Domain,"Paris: Heugel, 1912. Plate H. & Cie. 25161–90.",True,downloaded,,,器乐独奏/069db3d7-3a2d-4505-b5f7-da753cf6a591.pdf,"https://imslp.org/wiki/Le_rossignol_%C3%A9perdu_(Hahn,_Reynaldo)",https://imslp.org/wiki/Special:ImagefromIndex/11536/hfpb
R,Le rossignol éperdu,,,Pieces; For piano; Scores featuring the piano; For 1 player,器乐独奏,小品,piano,钢琴,钢琴独奏,,22224,下载这个文件,tabScore1,Public Domain,"Paris: Heugel, 1912. Plate H. & Cie. 25161–90.",True,downloaded,,,器乐独奏/8922fdfa-654d-474a-88b9-307115f1af45.pdf,"https://imslp.org/wiki/Le_rossignol_%C3%A9perdu_(Hahn,_Reynaldo)",https://imslp.org/wiki/Special:ImagefromIndex/22224/hfpb
R,Le rossignol éperdu,,,Pieces; For piano; Scores featuring the piano; For 1 player,器乐独奏,小品,piano,钢琴,钢琴独奏,,11537,下载这个文件,tabScore1,Public Domain,"Paris: Heugel, 1912. Plate H. & Cie. 25161–90.",True,downloaded,,,器乐独奏/2907cdce-3b6a-428b-ae01-5e4b83e4c6dd.pdf,"https://imslp.org/wiki/Le_rossignol_%C3%A9perdu_(Hahn,_Reynaldo)",https://imslp.org/wiki/Special:ImagefromIndex/11537/hfpb
R,Le rossignol éperdu,,,Pieces; For piano; Scores featuring the piano; For 1 player,器乐独奏,小品,piano,钢琴,钢琴独奏,,22220,下载这个文件,tabScore1,Public Domain,"Paris: Heugel, 1912. Plate H. & Cie. 25161–90.",True,downloaded,,,器乐独奏/4c234e3e-2e56-4c03-9529-31ce545c7eb8.pdf,"https://imslp.org/wiki/Le_rossignol_%C3%A9perdu_(Hahn,_Reynaldo)",https://imslp.org/wiki/Special:ImagefromIndex/22220/hfpb
R,Le rossignol éperdu,,,Pieces; For piano; Scores featuring the piano; For 1 player,器乐独奏,小品,piano,钢琴,钢琴独奏,,22221,下载这个文件,tabScore1,Public Domain,"Paris: Heugel, 1912. Plate H. & Cie. 25161–90.",True,downloaded,,,器乐独奏/16bc533b-5589-4ccc-99db-45d07af7d6e6.pdf,"https://imslp.org/wiki/Le_rossignol_%C3%A9perdu_(Hahn,_Reynaldo)",https://imslp.org/wiki/Special:ImagefromIndex/22221/hfpb
R,Le rossignol éperdu,,,Pieces; For piano; Scores featuring the piano; For 1 player,器乐独奏,小品,piano,钢琴,钢琴独奏,,22222,下载这个文件,tabScore1,Public Domain,"Paris: Heugel, 1912. Plate H. & Cie. 25161–90.",True,downloaded,,,器乐独奏/a60e6ad3-6d6a-4cfd-a24b-e0c7433897d5.pdf,"https://imslp.org/wiki/Le_rossignol_%C3%A9perdu_(Hahn,_Reynaldo)",https://imslp.org/wiki/Special:ImagefromIndex/22222/hfpb
R,Le rossignol éperdu,,,Pieces; For piano; Scores featuring the piano; For 1 player,器乐独奏,小品,piano,钢琴,钢琴独奏,,22223,下载这个文件,tabScore1,Public Domain,"Paris: Heugel, 1912. Plate H. & Cie. 25161–90.",True,downloaded,,,器乐独奏/14e4d257-e906-4346-9f36-8d016c51e54b.pdf,"https://imslp.org/wiki/Le_rossignol_%C3%A9perdu_(Hahn,_Reynaldo)",https://imslp.org/wiki/Special:ImagefromIndex/22223/hfpb
R,Le rossignol éperdu,,,Pieces; For piano; Scores featuring the piano; For 1 player,器乐独奏,小品,piano,钢琴,钢琴独奏,,22276,下载这个文件,tabScore1,Public Domain,"Paris: Heugel, 1912. Plate H. & Cie. 25161–90.",True,downloaded,,,器乐独奏/ed4de4be-d7ef-471e-a850-b278b5b67121.pdf,"https://imslp.org/wiki/Le_rossignol_%C3%A9perdu_(Hahn,_Reynaldo)",https://imslp.org/wiki/Special:ImagefromIndex/22276/hfpb
R,Le rossignol éperdu,,,Pieces; For piano; Scores featuring the piano; For 1 player,器乐独奏,小品,piano,钢琴,钢琴独奏,,22277,下载这个文件,tabScore1,Public Domain,"Paris: Heugel, 1912. Plate H. & Cie. 25161–90.",True,downloaded,,,器乐独奏/234f2ef8-e395-486c-88fe-a0a2905cf1c7.pdf,"https://imslp.org/wiki/Le_rossignol_%C3%A9perdu_(Hahn,_Reynaldo)",https://imslp.org/wiki/Special:ImagefromIndex/22277/hfpb
R,Le rossignol éperdu,,,Pieces; For piano; Scores featuring the piano; For 1 player,器乐独奏,小品,piano,钢琴,钢琴独奏,,22278,下载这个文件,tabScore1,Public Domain,"Paris: Heugel, 1912. Plate H. & Cie. 25161–90.",True,downloaded,,,器乐独奏/db715253-1478-4d50-922f-fc2d763203ad.pdf,"https://imslp.org/wiki/Le_rossignol_%C3%A9perdu_(Hahn,_Reynaldo)",https://imslp.org/wiki/Special:ImagefromIndex/22278/hfpb
R,Le rossignol éperdu,,,Pieces; For piano; Scores featuring the piano; For 1 player,器乐独奏,小品,piano,钢琴,钢琴独奏,,824747,下载这个文件,tabScore1,Public Domain,"Paris: Le Figaro, 1910.",True,downloaded,,,器乐独奏/148656ad-3fd2-49a1-b26d-76348bebea0c.pdf,"https://imslp.org/wiki/Le_rossignol_%C3%A9perdu_(Hahn,_Reynaldo)",https://imslp.org/wiki/Special:ImagefromIndex/824747/hfpb
R,Le rossignol éperdu,,,Pieces; For piano; Scores featuring the piano; For 1 player,器乐独奏,小品,piano,钢琴,钢琴独奏,,45468,下载这个文件,tabScore1,Public Domain,"Paris: Heugel, 1912. Plate H. & Cie. 25176.",True,downloaded,,,器乐独奏/16f6e36b-2a1d-4145-a9fb-4dc6a84b41a5.pdf,"https://imslp.org/wiki/Le_rossignol_%C3%A9perdu_(Hahn,_Reynaldo)",https://imslp.org/wiki/Special:ImagefromIndex/45468/hfpb
R,Le rossignol éperdu,,,Pieces; For piano; Scores featuring the piano; For 1 player,器乐独奏,小品,piano,钢琴,钢琴独奏,,177219,下载这个文件,tabScore1,Public Domain,"Boston: Oliver Ditson & Co., 1907",True,downloaded,,,器乐独奏/8139270e-e0cf-4fb4-b7be-6d3fe11a7cc8.pdf,"https://imslp.org/wiki/Le_rossignol_%C3%A9perdu_(Hahn,_Reynaldo)",https://imslp.org/wiki/Special:ImagefromIndex/177219/hfpb
R,Le rossignol éperdu,,,Pieces; For piano; Scores featuring the piano; For 1 player,器乐独奏,小品,piano,钢琴,钢琴独奏,,22279,下载这个文件,tabScore1,Public Domain,"Paris: Heugel, 1912. Plate H. & Cie. 25191–96.",True,downloaded,,,器乐独奏/32f80a8e-c06d-4fe8-bb47-bb09194d2c05.pdf,"https://imslp.org/wiki/Le_rossignol_%C3%A9perdu_(Hahn,_Reynaldo)",https://imslp.org/wiki/Special:ImagefromIndex/22279/hfpb
R,Le rossignol éperdu,,,Pieces; For piano; Scores featuring the piano; For 1 player,器乐独奏,小品,piano,钢琴,钢琴独奏,,11538,下载这个文件,tabScore1,Public Domain,"Paris: Heugel, 1912. Plate H. & Cie. 25191–96.",True,downloaded,,,器乐独奏/1e7aaff4-2acb-4a60-8317-0d3aa722c1ba.pdf,"https://imslp.org/wiki/Le_rossignol_%C3%A9perdu_(Hahn,_Reynaldo)",https://imslp.org/wiki/Special:ImagefromIndex/11538/hfpb
R,Le rossignol éperdu,,,Pieces; For piano; Scores featuring the piano; For 1 player,器乐独奏,小品,piano,钢琴,钢琴独奏,,22295,下载这个文件,tabScore1,Public Domain,"Paris: Heugel, 1912. Plate H. & Cie. 25191–96.",True,downloaded,,,器乐独奏/5b80b55c-e281-401e-8448-4ae8b3761b8b.pdf,"https://imslp.org/wiki/Le_rossignol_%C3%A9perdu_(Hahn,_Reynaldo)",https://imslp.org/wiki/Special:ImagefromIndex/22295/hfpb
R,Le rossignol éperdu,,,Pieces; For piano; Scores featuring the piano; For 1 player,器乐独奏,小品,piano,钢琴,钢琴独奏,,22296,下载这个文件,tabScore1,Public Domain,"Paris: Heugel, 1912. Plate H. & Cie. 25191–96.",True,downloaded,,,器乐独奏/2fa2a720-d42b-4047-b1c3-bb18c0f27f57.pdf,"https://imslp.org/wiki/Le_rossignol_%C3%A9perdu_(Hahn,_Reynaldo)",https://imslp.org/wiki/Special:ImagefromIndex/22296/hfpb
R,Le rossignol éperdu,,,Pieces; For piano; Scores featuring the piano; For 1 player,器乐独奏,小品,piano,钢琴,钢琴独奏,,22297,下载这个文件,tabScore1,Public Domain,"Paris: Heugel, 1912. Plate H. & Cie. 25191–96.",True,downloaded,,,器乐独奏/ebd876c9-ebc9-4561-98ef-95c5f43afc33.pdf,"https://imslp.org/wiki/Le_rossignol_%C3%A9perdu_(Hahn,_Reynaldo)",https://imslp.org/wiki/Special:ImagefromIndex/22297/hfpb
R,Le rossignol éperdu,,,Pieces; For piano; Scores featuring the piano; For 1 player,器乐独奏,小品,piano,钢琴,钢琴独奏,,22298,下载这个文件,tabScore1,Public Domain,"Paris: Heugel, 1912. Plate H. & Cie. 25191–96.",True,downloaded,,,器乐独奏/a71ba37f-882e-4022-9fea-7aac6a65971a.pdf,"https://imslp.org/wiki/Le_rossignol_%C3%A9perdu_(Hahn,_Reynaldo)",https://imslp.org/wiki/Special:ImagefromIndex/22298/hfpb
R,Le rossignol éperdu,,,Pieces; For piano; Scores featuring the piano; For 1 player,器乐独奏,小品,piano,钢琴,钢琴独奏,,22299,下载这个文件,tabScore1,Public Domain,"Paris: Heugel, 1912. Plate H. & Cie. 25197–205.",True,downloaded,,,器乐独奏/6d3f267c-534e-4e03-9ba6-9cf46b3e59fa.pdf,"https://imslp.org/wiki/Le_rossignol_%C3%A9perdu_(Hahn,_Reynaldo)",https://imslp.org/wiki/Special:ImagefromIndex/22299/hfpb
R,Le rossignol éperdu,,,Pieces; For piano; Scores featuring the piano; For 1 player,器乐独奏,小品,piano,钢琴,钢琴独奏,,11539,下载这个文件,tabScore1,Public Domain,"Paris: Heugel, 1912. Plate H. & Cie. 25197–205.",True,downloaded,,,器乐独奏/b2a01c9c-65ec-497a-b16c-1ecc8cd36db6.pdf,"https://imslp.org/wiki/Le_rossignol_%C3%A9perdu_(Hahn,_Reynaldo)",https://imslp.org/wiki/Special:ImagefromIndex/11539/hfpb
R,Le rossignol éperdu,,,Pieces; For piano; Scores featuring the piano; For 1 player,器乐独奏,小品,piano,钢琴,钢琴独奏,,22300,下载这个文件,tabScore1,Public Domain,"Paris: Heugel, 1912. Plate H. & Cie. 25197–205.",True,downloaded,,,器乐独奏/19abfe38-6555-416d-8651-e2f82a0f88c9.pdf,"https://imslp.org/wiki/Le_rossignol_%C3%A9perdu_(Hahn,_Reynaldo)",https://imslp.org/wiki/Special:ImagefromIndex/22300/hfpb
R,Le rossignol éperdu,,,Pieces; For piano; Scores featuring the piano; For 1 player,器乐独奏,小品,piano,钢琴,钢琴独奏,,22301,下载这个文件,tabScore1,Public Domain,"Paris: Heugel, 1912. Plate H. & Cie. 25197–205.",True,downloaded,,,器乐独奏/610d32ef-a711-47eb-88d3-fc5a2fa001f5.pdf,"https://imslp.org/wiki/Le_rossignol_%C3%A9perdu_(Hahn,_Reynaldo)",https://imslp.org/wiki/Special:ImagefromIndex/22301/hfpb
R,Le rossignol éperdu,,,Pieces; For piano; Scores featuring the piano; For 1 player,器乐独奏,小品,piano,钢琴,钢琴独奏,,22302,下载这个文件,tabScore1,Public Domain,"Paris: Heugel, 1912. Plate H. & Cie. 25197–205.",True,downloaded,,,器乐独奏/1ca6eed3-0c08-49bb-b44e-a19fa81d0c08.pdf,"https://imslp.org/wiki/Le_rossignol_%C3%A9perdu_(Hahn,_Reynaldo)",https://imslp.org/wiki/Special:ImagefromIndex/22302/hfpb
R,Le rossignol éperdu,,,Pieces; For piano; Scores featuring the piano; For 1 player,器乐独奏,小品,piano,钢琴,钢琴独奏,,22303,下载这个文件,tabScore1,Public Domain,"Paris: Heugel, 1912. Plate H. & Cie. 25197–205.",True,downloaded,,,器乐独奏/f6ddcb2d-f47f-48ff-a4a3-21ec74f519ef.pdf,"https://imslp.org/wiki/Le_rossignol_%C3%A9perdu_(Hahn,_Reynaldo)",https://imslp.org/wiki/Special:ImagefromIndex/22303/hfpb
R,Le rossignol éperdu,,,Pieces; For piano; Scores featuring the piano; For 1 player,器乐独奏,小品,piano,钢琴,钢琴独奏,,22304,下载这个文件,tabScore1,Public Domain,"Paris: Heugel, 1912. Plate H. & Cie. 25197–205.",True,downloaded,,,器乐独奏/ccb8297d-6987-4fb1-a7b4-575ea5f8afaf.pdf,"https://imslp.org/wiki/Le_rossignol_%C3%A9perdu_(Hahn,_Reynaldo)",https://imslp.org/wiki/Special:ImagefromIndex/22304/hfpb
R,Le rossignol éperdu,,,Pieces; For piano; Scores featuring the piano; For 1 player,器乐独奏,小品,piano,钢琴,钢琴独奏,,22305,下载这个文件,tabScore1,Public Domain,"Paris: Heugel, 1912. Plate H. & Cie. 25197–205.",True,downloaded,,,器乐独奏/0b3db4d0-24d5-40c9-a8e3-49fa8241dc4f.pdf,"https://imslp.org/wiki/Le_rossignol_%C3%A9perdu_(Hahn,_Reynaldo)",https://imslp.org/wiki/Special:ImagefromIndex/22305/hfpb
R,Le rossignol éperdu,,,Pieces; For piano; Scores featuring the piano; For 1 player,器乐独奏,小品,piano,钢琴,钢琴独奏,,22306,下载这个文件,tabScore1,Public Domain,"Paris: Heugel, 1912. Plate H. & Cie. 25197–205.",True,downloaded,,,器乐独奏/b3b7a6fc-dc46-47b1-bade-f6d3c6f22070.pdf,"https://imslp.org/wiki/Le_rossignol_%C3%A9perdu_(Hahn,_Reynaldo)",https://imslp.org/wiki/Special:ImagefromIndex/22306/hfpb
R,Le rossignol éperdu,,,Pieces; For piano; Scores featuring the piano; For 1 player,器乐独奏,小品,piano,钢琴,钢琴独奏,,45455,下载这个文件,tabScore1,Public Domain,Supplément pour le Figaro Illustré. Noël 1910,True,downloaded,,,器乐独奏/c5916a1d-af02-40d9-97cc-8c8f0ee3ae0a.pdf,"https://imslp.org/wiki/Le_rossignol_%C3%A9perdu_(Hahn,_Reynaldo)",https://imslp.org/wiki/Special:ImagefromIndex/45455/hfpb
R,Le rossignol éperdu,,,Pieces; For piano; Scores featuring the piano; For 1 player,器乐独奏,小品,piano,钢琴,钢琴独奏,,22307,下载这个文件,tabScore1,Public Domain,"Paris: Heugel, 1912. Plate H. & Cie. 25206–13.",True,downloaded,,,器乐独奏/f7ae40f6-9c7c-4c72-b366-b62090b83f5f.pdf,"https://imslp.org/wiki/Le_rossignol_%C3%A9perdu_(Hahn,_Reynaldo)",https://imslp.org/wiki/Special:ImagefromIndex/22307/hfpb
R,Le rossignol éperdu,,,Pieces; For piano; Scores featuring the piano; For 1 player,器乐独奏,小品,piano,钢琴,钢琴独奏,,22308,下载这个文件,tabScore1,Public Domain,"Paris: Heugel, 1912. Plate H. & Cie. 25206–13.",True,downloaded,,,器乐独奏/578677db-8dda-4170-baf8-822f3568feec.pdf,"https://imslp.org/wiki/Le_rossignol_%C3%A9perdu_(Hahn,_Reynaldo)",https://imslp.org/wiki/Special:ImagefromIndex/22308/hfpb
R,Le rossignol éperdu,,,Pieces; For piano; Scores featuring the piano; For 1 player,器乐独奏,小品,piano,钢琴,钢琴独奏,,22309,下载这个文件,tabScore1,Public Domain,"Paris: Heugel, 1912. Plate H. & Cie. 25206–13.",True,downloaded,,,器乐独奏/9ff69b4d-ac47-4bbf-be12-ed05411ab284.pdf,"https://imslp.org/wiki/Le_rossignol_%C3%A9perdu_(Hahn,_Reynaldo)",https://imslp.org/wiki/Special:ImagefromIndex/22309/hfpb
R,Le rossignol éperdu,,,Pieces; For piano; Scores featuring the piano; For 1 player,器乐独奏,小品,piano,钢琴,钢琴独奏,,22310,下载这个文件,tabScore1,Public Domain,"Paris: Heugel, 1912. Plate H. & Cie. 25206–13.",True,downloaded,,,器乐独奏/004aeadd-cc23-4a4c-b6fc-2e34cd11e76d.pdf,"https://imslp.org/wiki/Le_rossignol_%C3%A9perdu_(Hahn,_Reynaldo)",https://imslp.org/wiki/Special:ImagefromIndex/22310/hfpb
R,Le rossignol éperdu,,,Pieces; For piano; Scores featuring the piano; For 1 player,器乐独奏,小品,piano,钢琴,钢琴独奏,,22311,下载这个文件,tabScore1,Public Domain,"Paris: Heugel, 1912. Plate H. & Cie. 25206–13.",True,downloaded,,,器乐独奏/058be671-3f0e-49c5-9a21-0d0cfdf8865d.pdf,"https://imslp.org/wiki/Le_rossignol_%C3%A9perdu_(Hahn,_Reynaldo)",https://imslp.org/wiki/Special:ImagefromIndex/22311/hfpb
R,Le rossignol éperdu,,,Pieces; For piano; Scores featuring the piano; For 1 player,器乐独奏,小品,piano,钢琴,钢琴独奏,,22312,下载这个文件,tabScore1,Public Domain,"Paris: Heugel, 1912. Plate H. & Cie. 25206–13.",True,downloaded,,,器乐独奏/8e74a0e3-88c3-4d32-9f5a-375d581fc9bf.pdf,"https://imslp.org/wiki/Le_rossignol_%C3%A9perdu_(Hahn,_Reynaldo)",https://imslp.org/wiki/Special:ImagefromIndex/22312/hfpb
R,Le rossignol éperdu,,,Pieces; For piano; Scores featuring the piano; For 1 player,器乐独奏,小品,piano,钢琴,钢琴独奏,,22313,下载这个文件,tabScore1,Public Domain,"Paris: Heugel, 1912. Plate H. & Cie. 25206–13.",True,downloaded,,,器乐独奏/006fc25a-eae5-495d-93e7-36f64f792e35.pdf,"https://imslp.org/wiki/Le_rossignol_%C3%A9perdu_(Hahn,_Reynaldo)",https://imslp.org/wiki/Special:ImagefromIndex/22313/hfpb
R,Le rossignol éperdu,,,Pieces; For piano; Scores featuring the piano; For 1 player,器乐独奏,小品,piano,钢琴,钢琴独奏,,22314,下载这个文件,tabScore1,Public Domain,"Paris: Heugel, 1912. Plate H. & Cie. 25206–13.",True,downloaded,,,器乐独奏/8660b384-7d1c-4f86-9cd3-0bc0aa424bec.pdf,"https://imslp.org/wiki/Le_rossignol_%C3%A9perdu_(Hahn,_Reynaldo)",https://imslp.org/wiki/Special:ImagefromIndex/22314/hfpb
R,Le ruban dénoué,,,Suites; For 2 pianos; Scores featuring the piano; For 2 players,室内乐,组曲,"2 pianos (Nos.1-12); voice, piano (No.13)",双钢琴（第1–12首）；声乐、钢琴（第13首）,双钢琴／声乐与钢琴,,56330,Complete Score,tabScore1,Public Domain,"Paris: Heugel & Cie., 1917. Plates H. & Cie 26867-77.",True,downloaded,,,室内乐/2ca29769-b850-4ae1-9697-1734239eeae5.pdf,"https://imslp.org/wiki/Le_ruban_d%C3%A9nou%C3%A9_(Hahn,_Reynaldo)",https://imslp.org/wiki/Special:ImagefromIndex/56330/hfpb
R,Le ruban dénoué,,,Suites; For 2 pianos; Scores featuring the piano; For 2 players,室内乐,组曲,"2 pianos (Nos.1-12); voice, piano (No.13)",双钢琴（第1–12首）；声乐、钢琴（第13首）,双钢琴／声乐与钢琴,,56331,Color cover,tabScore1,Public Domain,"Paris: Heugel & Cie., 1917. Plates H. & Cie 26867-77.",True,downloaded,,,室内乐/8be23470-3551-4aaa-b97c-48f834d5da74.pdf,"https://imslp.org/wiki/Le_ruban_d%C3%A9nou%C3%A9_(Hahn,_Reynaldo)",https://imslp.org/wiki/Special:ImagefromIndex/56331/hfpb
R,Le ruban dénoué,,,Suites; For 2 pianos; Scores featuring the piano; For 2 players,室内乐,组曲,"2 pianos (Nos.1-12); voice, piano (No.13)",双钢琴（第1–12首）；声乐、钢琴（第13首）,双钢琴／声乐与钢琴,,31290,Complete Score,tabScore1,Public Domain,"Paris: Heugel & Cie., 1917. Plates H. & Cie 26867-77.",True,downloaded,,,室内乐/cad00ec5-a2f8-42cb-acc9-c055b9a2c357.pdf,"https://imslp.org/wiki/Le_ruban_d%C3%A9nou%C3%A9_(Hahn,_Reynaldo)",https://imslp.org/wiki/Special:ImagefromIndex/31290/hfpb
R,Le ruban dénoué,,,Suites; For 2 pianos; Scores featuring the piano; For 2 players,室内乐,组曲,"2 pianos (Nos.1-12); voice, piano (No.13)",双钢琴（第1–12首）；声乐、钢琴（第13首）,双钢琴／声乐与钢琴,,31276,下载这个文件,tabScore1,Public Domain,"Paris: Heugel & Cie., 1917. Plates H. & Cie 26867-77.",True,downloaded,,,室内乐/f50787d5-1b74-4718-b888-f6ced20d7247.pdf,"https://imslp.org/wiki/Le_ruban_d%C3%A9nou%C3%A9_(Hahn,_Reynaldo)",https://imslp.org/wiki/Special:ImagefromIndex/31276/hfpb
R,Le ruban dénoué,,,Suites; For 2 pianos; Scores featuring the piano; For 2 players,室内乐,组曲,"2 pianos (Nos.1-12); voice, piano (No.13)",双钢琴（第1–12首）；声乐、钢琴（第13首）,双钢琴／声乐与钢琴,,31277,下载这个文件,tabScore1,Public Domain,"Paris: Heugel & Cie., 1917. Plates H. & Cie 26867-77.",True,downloaded,,,室内乐/a286f479-d2d0-45ac-ae1d-aaa9c3dcb17c.pdf,"https://imslp.org/wiki/Le_ruban_d%C3%A9nou%C3%A9_(Hahn,_Reynaldo)",https://imslp.org/wiki/Special:ImagefromIndex/31277/hfpb
R,Le ruban dénoué,,,Suites; For 2 pianos; Scores featuring the piano; For 2 players,室内乐,组曲,"2 pianos (Nos.1-12); voice, piano (No.13)",双钢琴（第1–12首）；声乐、钢琴（第13首）,双钢琴／声乐与钢琴,,31278,下载这个文件,tabScore1,Public Domain,"Paris: Heugel & Cie., 1917. Plates H. & Cie 26867-77.",True,downloaded,,,室内乐/ec90e39e-d180-4c83-a243-a3fff6eae897.pdf,"https://imslp.org/wiki/Le_ruban_d%C3%A9nou%C3%A9_(Hahn,_Reynaldo)",https://imslp.org/wiki/Special:ImagefromIndex/31278/hfpb
R,Le ruban dénoué,,,Suites; For 2 pianos; Scores featuring the piano; For 2 players,室内乐,组曲,"2 pianos (Nos.1-12); voice, piano (No.13)",双钢琴（第1–12首）；声乐、钢琴（第13首）,双钢琴／声乐与钢琴,,31279,下载这个文件,tabScore1,Public Domain,"Paris: Heugel & Cie., 1917. Plates H. & Cie 26867-77.",True,downloaded,,,室内乐/fdd8d6fe-cdd2-421a-97f5-06c4e2300499.pdf,"https://imslp.org/wiki/Le_ruban_d%C3%A9nou%C3%A9_(Hahn,_Reynaldo)",https://imslp.org/wiki/Special:ImagefromIndex/31279/hfpb
R,Le ruban dénoué,,,Suites; For 2 pianos; Scores featuring the piano; For 2 players,室内乐,组曲,"2 pianos (Nos.1-12); voice, piano (No.13)",双钢琴（第1–12首）；声乐、钢琴（第13首）,双钢琴／声乐与钢琴,,31280,下载这个文件,tabScore1,Public Domain,"Paris: Heugel & Cie., 1917. Plates H. & Cie 26867-77.",True,downloaded,,,室内乐/de7cd457-3244-4f31-9def-374c865567dd.pdf,"https://imslp.org/wiki/Le_ruban_d%C3%A9nou%C3%A9_(Hahn,_Reynaldo)",https://imslp.org/wiki/Special:ImagefromIndex/31280/hfpb
R,Le ruban dénoué,,,Suites; For 2 pianos; Scores featuring the piano; For 2 players,室内乐,组曲,"2 pianos (Nos.1-12); voice, piano (No.13)",双钢琴（第1–12首）；声乐、钢琴（第13首）,双钢琴／声乐与钢琴,,31281,下载这个文件,tabScore1,Public Domain,"Paris: Heugel & Cie., 1917. Plates H. & Cie 26867-77.",True,downloaded,,,室内乐/994958a7-99b4-4751-903e-67a817d2e6da.pdf,"https://imslp.org/wiki/Le_ruban_d%C3%A9nou%C3%A9_(Hahn,_Reynaldo)",https://imslp.org/wiki/Special:ImagefromIndex/31281/hfpb
R,Le ruban dénoué,,,Suites; For 2 pianos; Scores featuring the piano; For 2 players,室内乐,组曲,"2 pianos (Nos.1-12); voice, piano (No.13)",双钢琴（第1–12首）；声乐、钢琴（第13首）,双钢琴／声乐与钢琴,,31282,下载这个文件,tabScore1,Public Domain,"Paris: Heugel & Cie., 1917. Plates H. & Cie 26867-77.",True,downloaded,,,室内乐/bfe3be42-cca7-41e6-89cd-82314280eaa3.pdf,"https://imslp.org/wiki/Le_ruban_d%C3%A9nou%C3%A9_(Hahn,_Reynaldo)",https://imslp.org/wiki/Special:ImagefromIndex/31282/hfpb
R,Le ruban dénoué,,,Suites; For 2 pianos; Scores featuring the piano; For 2 players,室内乐,组曲,"2 pianos (Nos.1-12); voice, piano (No.13)",双钢琴（第1–12首）；声乐、钢琴（第13首）,双钢琴／声乐与钢琴,,31283,下载这个文件,tabScore1,Public Domain,"Paris: Heugel & Cie., 1917. Plates H. & Cie 26867-77.",True,downloaded,,,室内乐/b0f8115e-f600-4f5b-a98c-15afa436cc4e.pdf,"https://imslp.org/wiki/Le_ruban_d%C3%A9nou%C3%A9_(Hahn,_Reynaldo)",https://imslp.org/wiki/Special:ImagefromIndex/31283/hfpb
R,Le ruban dénoué,,,Suites; For 2 pianos; Scores featuring the piano; For 2 players,室内乐,组曲,"2 pianos (Nos.1-12); voice, piano (No.13)",双钢琴（第1–12首）；声乐、钢琴（第13首）,双钢琴／声乐与钢琴,,31284,下载这个文件,tabScore1,Public Domain,"Paris: Heugel & Cie., 1917. Plates H. & Cie 26867-77.",True,downloaded,,,室内乐/49815f16-f14a-4de0-bd7c-1daae523f317.pdf,"https://imslp.org/wiki/Le_ruban_d%C3%A9nou%C3%A9_(Hahn,_Reynaldo)",https://imslp.org/wiki/Special:ImagefromIndex/31284/hfpb
R,Le ruban dénoué,,,Suites; For 2 pianos; Scores featuring the piano; For 2 players,室内乐,组曲,"2 pianos (Nos.1-12); voice, piano (No.13)",双钢琴（第1–12首）；声乐、钢琴（第13首）,双钢琴／声乐与钢琴,,31285,下载这个文件,tabScore1,Public Domain,"Paris: Heugel & Cie., 1917. Plates H. & Cie 26867-77.",True,downloaded,,,室内乐/d375ccc7-c252-4ec4-b990-0d0fa8985460.pdf,"https://imslp.org/wiki/Le_ruban_d%C3%A9nou%C3%A9_(Hahn,_Reynaldo)",https://imslp.org/wiki/Special:ImagefromIndex/31285/hfpb
R,Le ruban dénoué,,,Suites; For 2 pianos; Scores featuring the piano; For 2 players,室内乐,组曲,"2 pianos (Nos.1-12); voice, piano (No.13)",双钢琴（第1–12首）；声乐、钢琴（第13首）,双钢琴／声乐与钢琴,,31286,下载这个文件,tabScore1,Public Domain,"Paris: Heugel & Cie., 1917. Plates H. & Cie 26867-77.",True,downloaded,,,室内乐/5d3ab93d-e16e-4e62-8bc0-4790dd973512.pdf,"https://imslp.org/wiki/Le_ruban_d%C3%A9nou%C3%A9_(Hahn,_Reynaldo)",https://imslp.org/wiki/Special:ImagefromIndex/31286/hfpb
R,Le ruban dénoué,,,Suites; For 2 pianos; Scores featuring the piano; For 2 players,室内乐,组曲,"2 pianos (Nos.1-12); voice, piano (No.13)",双钢琴（第1–12首）；声乐、钢琴（第13首）,双钢琴／声乐与钢琴,,31287,下载这个文件,tabScore1,Public Domain,"Paris: Heugel & Cie., 1917. Plates H. & Cie 26867-77.",True,downloaded,,,室内乐/b0539d81-85ad-4326-a3fc-f35e276739ba.pdf,"https://imslp.org/wiki/Le_ruban_d%C3%A9nou%C3%A9_(Hahn,_Reynaldo)",https://imslp.org/wiki/Special:ImagefromIndex/31287/hfpb
R,Le ruban dénoué,,,Suites; For 2 pianos; Scores featuring the piano; For 2 players,室内乐,组曲,"2 pianos (Nos.1-12); voice, piano (No.13)",双钢琴（第1–12首）；声乐、钢琴（第13首）,双钢琴／声乐与钢琴,,31288,下载这个文件,tabScore1,Public Domain,"Paris: Heugel & Cie., 1917. Plates H. & Cie 26867-77.",True,downloaded,,,室内乐/db5eee1d-b893-4f67-bbd2-bd5af6af817d.pdf,"https://imslp.org/wiki/Le_ruban_d%C3%A9nou%C3%A9_(Hahn,_Reynaldo)",https://imslp.org/wiki/Special:ImagefromIndex/31288/hfpb
R,Le ruban dénoué,,,Suites; For 2 pianos; Scores featuring the piano; For 2 players,室内乐,组曲,"2 pianos (Nos.1-12); voice, piano (No.13)",双钢琴（第1–12首）；声乐、钢琴（第13首）,双钢琴／声乐与钢琴,,31289,下载这个文件,tabScore1,Public Domain,"Paris: Heugel & Cie., 1917. Plates H. & Cie 26867-77.",True,downloaded,,,室内乐/a44e5271-57cc-4b03-8604-7078fda0ead0.pdf,"https://imslp.org/wiki/Le_ruban_d%C3%A9nou%C3%A9_(Hahn,_Reynaldo)",https://imslp.org/wiki/Special:ImagefromIndex/31289/hfpb
S,Sarabande et thème varié,B-flat minor,降b小调,"Sarabandes; Dances; Variations; For clarinet, piano; Scores featuring the clarinet; Scores featuring the piano; For 2 players",室内乐,变奏曲,"clarinet, piano",单簧管、钢琴,单簧管、钢琴,,168102,Complete Score,tabScore1,Public Domain,"Paris: Heugel & Cie., n.d.[1903]. Plate H. & Cie. 21,660.",True,downloaded,,,室内乐/e1fd06fa-ed70-452e-ab2f-c02a25b8a4ef.pdf,"https://imslp.org/wiki/Sarabande_et_th%C3%A8me_vari%C3%A9_(Hahn,_Reynaldo)",https://imslp.org/wiki/Special:ImagefromIndex/168102/hfpb
S,Sarabande et thème varié,B-flat minor,降b小调,"Sarabandes; Dances; Variations; For clarinet, piano; Scores featuring the clarinet; Scores featuring the piano; For 2 players",室内乐,变奏曲,"clarinet, piano",单簧管、钢琴,单簧管分谱,,168103,Clarinet Part,tabScore1,Public Domain,"Paris: Heugel & Cie., n.d.[1903]. Plate H. & Cie. 21,660.",True,downloaded,,,室内乐/1f78813a-0632-43a8-aa18-4fc0eb826fb2.pdf,"https://imslp.org/wiki/Sarabande_et_th%C3%A8me_vari%C3%A9_(Hahn,_Reynaldo)",https://imslp.org/wiki/Special:ImagefromIndex/168103/hfpb
S,Sarabande et thème varié,B-flat minor,降b小调,"Sarabandes; Dances; Variations; For clarinet, piano; Scores featuring the clarinet; Scores featuring the piano; For 2 players",室内乐,变奏曲,"clarinet, piano",单簧管、钢琴,总谱／单簧管分谱,,90809,Complete Score and Clarinet Part,tabScore1,Public Domain,"Paris: Heugel & Cie., n.d.[1903]. Plate H. & Cie. 21,660.",True,downloaded,,,室内乐/e2d34128-a4bd-4c0c-94d9-9afc31779fa4.pdf,"https://imslp.org/wiki/Sarabande_et_th%C3%A8me_vari%C3%A9_(Hahn,_Reynaldo)",https://imslp.org/wiki/Special:ImagefromIndex/90809/hfpb
S,Séraphine,,,"Songs; For voice, piano; For voices with keyboard; Scores featuring the voice; Scores featuring the piano; French language",艺术歌曲,,"Voice, Piano",声乐、钢琴,声乐、钢琴,法语,90048,Complete Score,tabScore1,Public Domain,"Paris: Heugel, 1896. Plates H. et Cie. 8315-8327",True,downloaded,,,艺术歌曲/b923c918-f39a-4a3a-a903-8a0eb7a4c512.pdf,"https://imslp.org/wiki/S%C3%A9raphine_(Hahn,_Reynaldo)",https://imslp.org/wiki/Special:ImagefromIndex/90048/hfpb
S,Seule,,,"Songs; For voice, piano; For voices with keyboard; Scores featuring the voice; Scores featuring the piano; French language",艺术歌曲,,"Voice, Piano",声乐、钢琴,声乐、钢琴,法语,90049,Complete Score,tabScore1,Public Domain,"Paris: Heugel, n.d. (1892). Plate 8315",True,downloaded,,,艺术歌曲/85e98850-bef2-4a6b-b821-26c1b6a4adfe.pdf,"https://imslp.org/wiki/Seule_(Hahn,_Reynaldo)",https://imslp.org/wiki/Special:ImagefromIndex/90049/hfpb
S,Si mes vers avaient des ailes,,,"Songs; For voice, piano; For voices with keyboard; Scores featuring the voice; Scores featuring the piano; French language; For piano (arr); For 1 player (arr); Scores featuring the piano (arr)",艺术歌曲,,"voice, piano",声乐、钢琴,声乐、钢琴,法语,85888,Complete Score (D major),tabScore1,Public Domain,"Mélodies de Reynaldo Hahn, 1er volumeParis: Heugel, 1895. Plate H. & Cie. 8315.",False,pending,,本地目录已有同名 Hahn 作品,艺术歌曲/40e86512-03d6-4937-b069-c46673555367.pdf,"https://imslp.org/wiki/Si_mes_vers_avaient_des_ailes_(Hahn,_Reynaldo)",https://imslp.org/wiki/Special:ImagefromIndex/85888/hfpb
S,Si mes vers avaient des ailes,,,"Songs; For voice, piano; For voices with keyboard; Scores featuring the voice; Scores featuring the piano; French language; For piano (arr); For 1 player (arr); Scores featuring the piano (arr)",艺术歌曲,,"voice, piano",声乐、钢琴,声乐、钢琴,法语,237715,Complete Score (C major),tabScore1,Public Domain,"Treasury of Modern Song (pp.44-46)New York: G. Schirmer, 1902. Plate 16326.",False,pending,,本地目录已有同名 Hahn 作品,艺术歌曲/963463c5-c2b5-4e7f-9a85-c253129f0675.pdf,"https://imslp.org/wiki/Si_mes_vers_avaient_des_ailes_(Hahn,_Reynaldo)",https://imslp.org/wiki/Special:ImagefromIndex/237715/hfpb
S,Si mes vers avaient des ailes,,,"Songs; For voice, piano; For voices with keyboard; Scores featuring the voice; Scores featuring the piano; French language; For piano (arr); For 1 player (arr); Scores featuring the piano (arr)",艺术歌曲,,"voice, piano",声乐、钢琴,声乐、钢琴,法语,136261,Complete Score (C major),tabScore1,Creative Commons Attribution 3.0,Tomás Arango,False,pending,,本地目录已有同名 Hahn 作品,艺术歌曲/9164ca94-3fce-41a5-a073-a6b0ba524992.pdf,"https://imslp.org/wiki/Si_mes_vers_avaient_des_ailes_(Hahn,_Reynaldo)",https://imslp.org/wiki/Special:ImagefromIndex/136261/hfpb
S,Si mes vers avaient des ailes,,,"Songs; For voice, piano; For voices with keyboard; Scores featuring the voice; Scores featuring the piano; French language; For piano (arr); For 1 player (arr); Scores featuring the piano (arr)",艺术歌曲,,"voice, piano",声乐、钢琴,声乐、钢琴,法语,362629,Complete Score (D major),tabScore1,Creative Commons Attribution 4.0,BK,False,pending,,本地目录已有同名 Hahn 作品,艺术歌曲/d8f4ccc2-38fa-4b91-9865-77ae13693e59.pdf,"https://imslp.org/wiki/Si_mes_vers_avaient_des_ailes_(Hahn,_Reynaldo)",https://imslp.org/wiki/Special:ImagefromIndex/362629/hfpb
S,Si mes vers avaient des ailes,,,"Songs; For voice, piano; For voices with keyboard; Scores featuring the voice; Scores featuring the piano; French language; For piano (arr); For 1 player (arr); Scores featuring the piano (arr)",艺术歌曲,,"voice, piano",声乐、钢琴,声乐、钢琴,法语,362630,Complete Score (C major),tabScore1,Creative Commons Attribution 4.0,BK,False,pending,,本地目录已有同名 Hahn 作品,艺术歌曲/81d56801-df5d-4b90-8b53-c6421ff945ee.pdf,"https://imslp.org/wiki/Si_mes_vers_avaient_des_ailes_(Hahn,_Reynaldo)",https://imslp.org/wiki/Special:ImagefromIndex/362630/hfpb
S,Si mes vers avaient des ailes,,,"Songs; For voice, piano; For voices with keyboard; Scores featuring the voice; Scores featuring the piano; French language; For piano (arr); For 1 player (arr); Scores featuring the piano (arr)",艺术歌曲,,"voice, piano",声乐、钢琴,声乐、钢琴,法语,362631,Complete Score (E major),tabScore1,Creative Commons Attribution 4.0,BK,False,pending,,本地目录已有同名 Hahn 作品,艺术歌曲/d10722d2-60ef-4955-bcc3-af8557f9dcce.pdf,"https://imslp.org/wiki/Si_mes_vers_avaient_des_ailes_(Hahn,_Reynaldo)",https://imslp.org/wiki/Special:ImagefromIndex/362631/hfpb
S,Si mes vers avaient des ailes,,,"Songs; For voice, piano; For voices with keyboard; Scores featuring the voice; Scores featuring the piano; French language; For piano (arr); For 1 player (arr); Scores featuring the piano (arr)",艺术歌曲,,"voice, piano",声乐、钢琴,声乐、钢琴,法语,824923,Complete Score,tabArrTrans,Public Domain,"Paris: Heugel, 1923. Plate H. 28,497.",False,pending,,本地目录已有同名 Hahn 作品,艺术歌曲/c264bfcb-af27-45d4-a09a-505ffaf81e81.pdf,"https://imslp.org/wiki/Si_mes_vers_avaient_des_ailes_(Hahn,_Reynaldo)",https://imslp.org/wiki/Special:ImagefromIndex/824923/hfpb
S,Sonatina for piano,,,Sonatinas; Sonatas; For piano; Scores featuring the piano; For 1 player,器乐独奏,小奏鸣曲,Piano,钢琴,钢琴独奏,,10988,Complete Score,tabScore1,Public Domain,"Paris: Heugel et Cie., 1907. Plate H. & Cie. 23327.",True,downloaded,,,器乐独奏/a62f5408-7910-4014-9e57-096e471a6756.pdf,"https://imslp.org/wiki/Sonatina_for_Piano_(Hahn,_Reynaldo)",https://imslp.org/wiki/Special:ImagefromIndex/10988/hfpb
S,Le souvenir d'avoir chanté,,,"Songs; For voice, piano; For voices with keyboard; Scores featuring the voice; Scores featuring the piano; French language",艺术歌曲,,"Voice, Piano",声乐、钢琴,声乐、钢琴,法语,91812,Complete Score,tabScore1,Public Domain,"Mélodies de Reynaldo Hahn, Vol.2, No.6 (pp.25-27)Paris: Heugel, 1898. Plate H. 27,627",True,downloaded,,,艺术歌曲/b5d13749-c806-4e3d-ab9c-811f336af2bc.pdf,"https://imslp.org/wiki/Le_souvenir_d%27avoir_chant%C3%A9_(Hahn,_Reynaldo)",https://imslp.org/wiki/Special:ImagefromIndex/91812
S,String Quartet No.1 in A minor,A minor,a小调,"Quartets; For 2 violins, viola, cello; Scores featuring the violin; Scores featuring the viola; Scores featuring the cello; For 4 players",室内乐,四重奏,"2 violins, viola, cello",2把小提琴、中提琴、大提琴,2把小提琴、中提琴、大提琴,,927786,Complete Score,tabScore1,Public Domain - Non-PD US,"Paris: Heugel, 1944. Plate H.E. 31093.",False,pending,,IMSLP 标记为 Non-PD US,室内乐/df41837e-cd98-4432-bb7c-c824503737c1.pdf,"https://imslp.org/wiki/String_Quartet_No.1_in_A_minor_(Hahn,_Reynaldo)",https://imslp.org/wiki/Special:ImagefromIndex/927786/hfpb
S,String Quartet No.1 in A minor,A minor,a小调,"Quartets; For 2 violins, viola, cello; Scores featuring the violin; Scores featuring the viola; Scores featuring the cello; For 4 players",器乐分谱,四重奏,"2 violins, viola, cello",2把小提琴、中提琴、大提琴,第一小提琴分谱,,924296,Violin I,tabScore2,Public Domain - Non-PD US,"Paris: Heugel, 1943. Plate 31093.",False,pending,,IMSLP 标记为 Non-PD US,器乐分谱/5832d471-abfe-475f-a1e5-875496ad4186.pdf,"https://imslp.org/wiki/String_Quartet_No.1_in_A_minor_(Hahn,_Reynaldo)",https://imslp.org/wiki/Special:ImagefromIndex/924296/hfpb
S,String Quartet No.1 in A minor,A minor,a小调,"Quartets; For 2 violins, viola, cello; Scores featuring the violin; Scores featuring the viola; Scores featuring the cello; For 4 players",器乐分谱,四重奏,"2 violins, viola, cello",2把小提琴、中提琴、大提琴,第二小提琴分谱,,924297,Violin II,tabScore2,Public Domain - Non-PD US,"Paris: Heugel, 1943. Plate 31093.",False,pending,,IMSLP 标记为 Non-PD US,器乐分谱/6d9efb14-18a1-4408-aa49-ad1fda8de1e0.pdf,"https://imslp.org/wiki/String_Quartet_No.1_in_A_minor_(Hahn,_Reynaldo)",https://imslp.org/wiki/Special:ImagefromIndex/924297/hfpb
S,String Quartet No.1 in A minor,A minor,a小调,"Quartets; For 2 violins, viola, cello; Scores featuring the violin; Scores featuring the viola; Scores featuring the cello; For 4 players",器乐分谱,四重奏,"2 violins, viola, cello",2把小提琴、中提琴、大提琴,中提琴分谱,,924298,Viola,tabScore2,Public Domain - Non-PD US,"Paris: Heugel, 1943. Plate 31093.",False,pending,,IMSLP 标记为 Non-PD US,器乐分谱/3a07ef5d-d841-4864-981c-03a08b103163.pdf,"https://imslp.org/wiki/String_Quartet_No.1_in_A_minor_(Hahn,_Reynaldo)",https://imslp.org/wiki/Special:ImagefromIndex/924298/hfpb
S,String Quartet No.1 in A minor,A minor,a小调,"Quartets; For 2 violins, viola, cello; Scores featuring the violin; Scores featuring the viola; Scores featuring the cello; For 4 players",器乐分谱,四重奏,"2 violins, viola, cello",2把小提琴、中提琴、大提琴,大提琴分谱,,924299,Cello,tabScore2,Public Domain - Non-PD US,"Paris: Heugel, 1943. Plate 31093.",False,pending,,IMSLP 标记为 Non-PD US,器乐分谱/db5a840b-8223-4607-8f55-f83b23f7c04e.pdf,"https://imslp.org/wiki/String_Quartet_No.1_in_A_minor_(Hahn,_Reynaldo)",https://imslp.org/wiki/Special:ImagefromIndex/924299/hfpb
S,Sur l'eau,,,"Songs; For voice, piano; For voices with keyboard; Scores featuring the voice; Scores featuring the piano; French language",艺术歌曲,,"voice, piano",声乐、钢琴,声乐、钢琴,法语,91816,Complete Score,tabScore1,Public Domain,"Mélodies de Reynaldo Hahn, Vol.2, No.9Paris: Heugel, n.d.(ca.1920). Plate H. 27,627",True,downloaded,,,艺术歌曲/c00a5d59-8658-4d0b-a8a0-6a016f7a94e3.pdf,"https://imslp.org/wiki/Sur_l%27eau_(Hahn,_Reynaldo)",https://imslp.org/wiki/Special:ImagefromIndex/91816/hfpb
T,Le temps d'aimer,,,"Musicals; Theatrical Works; For voices, mixed chorus, orchestra; Scores featuring the voice; Scores featuring mixed chorus; Scores featuring the orchestra; For voices and chorus with orchestra; French language",歌剧总谱,音乐剧,"Soloists, chorus, and orchestra",独唱、合唱、管弦乐队,独唱、合唱、管弦乐队,法语,104119,Complete Score,tabScore1,Public Domain,"Paris: Heugel & Cie, 1926. Plate H. 29,151.",True,downloaded,,,歌剧总谱/fba66aaf-d294-4fde-b478-68823a666458.pdf,"https://imslp.org/wiki/Le_temps_d%27aimer_(Hahn,_Reynaldo)",https://imslp.org/wiki/Special:ImagefromIndex/104119/hfpb
T,Thème varié sur le nom de Haydn,,,Variations; For piano; Scores featuring the piano; For 1 player,器乐独奏,变奏曲,piano 2 hands,钢琴独奏,钢琴独奏,,13894,Complete score,tabScore1,Public Domain,"Paris: Heugel & Cie., 1913, plate H. & Cie. 26102",True,downloaded,,,器乐独奏/f53bd242-67c0-4cbc-a12a-b4030c6bdd70.pdf,"https://imslp.org/wiki/Th%C3%A8me_vari%C3%A9_sur_le_nom_de_Haydn_(Hahn,_Reynaldo)",https://imslp.org/wiki/Special:ImagefromIndex/13894/hfpb
T,Thème varié sur le nom de Haydn,,,Variations; For piano; Scores featuring the piano; For 1 player,器乐独奏,变奏曲,piano 2 hands,钢琴独奏,钢琴独奏,,817470,Cover,tabScore1,Public Domain,"Paris: Heugel & Cie., 1913, plate H. & Cie. 26102",True,downloaded,,,器乐独奏/f55a71fc-3f80-4d99-97a9-d9ba4b5f2a3b.pdf,"https://imslp.org/wiki/Th%C3%A8me_vari%C3%A9_sur_le_nom_de_Haydn_(Hahn,_Reynaldo)",https://imslp.org/wiki/Special:ImagefromIndex/817470/hfpb
T,Théone,,,"Songs; For voice, piano; For voices with keyboard; Scores featuring the voice; Scores featuring the piano; French language",艺术歌曲,,"Voice, Piano",声乐、钢琴,声乐、钢琴,法语,91817,Complete Score,tabScore1,Public Domain,"Mélodies de Reynaldo Hahn, Vol.2, No.5Paris: Heugel, 1897. Plate H. 27,627",True,downloaded,,,艺术歌曲/25c48106-1b08-42f5-949e-7508a7cc3bf7.pdf,"https://imslp.org/wiki/Th%C3%A9one_(Hahn,_Reynaldo)",https://imslp.org/wiki/Special:ImagefromIndex/91817/hfpb
T,Trois Jours de Vendange,,,"Songs; For voice, piano; For voices with keyboard; Scores featuring the voice; Scores featuring the piano; French language",艺术歌曲,,"Voice, Piano",声乐、钢琴,声乐、钢琴,法语,90050,Complete Score,tabScore1,Public Domain,"Paris: Heugel, n.d. (1893). Plate 8315",True,downloaded,,,艺术歌曲/03a02abd-d539-43fb-9eea-6a773be68bf7.pdf,"https://imslp.org/wiki/Trois_jours_de_vendange_(Hahn,_Reynaldo)",https://imslp.org/wiki/Special:ImagefromIndex/90050/hfpb
T,Tu es Petrus,E minor,e小调,"Motets; Sacred songs; Religious works; Songs; For voice, mixed chorus; For unaccompanied voices and chorus; Scores featuring the voice; Scores featuring the bass voice; Scores featuring mixed chorus; For voice, mixed chorus, organ; For voices and chorus with keyboard; Scores featuring the organ; Latin language",宗教声乐作品总谱,经文歌,"bass solo, mixed chorus, organ ad lib.",bass独奏、混声合唱、管风琴adlib.,bass独奏、混声合唱、管风琴adlib.,拉丁语,821610,Complete Score,tabScore1,Public Domain - Non-PD US,"Paris: Lemoine, 1938. Plate 23,116 HL.",False,pending,,IMSLP 标记为 Non-PD US,宗教声乐作品总谱/d939e7d6-9e71-41eb-938b-4def2f40e700.pdf,"https://imslp.org/wiki/Tu_es_Petrus_(Hahn,_Reynaldo)",https://imslp.org/wiki/Special:ImagefromIndex/821610/hfpb
U,Une revue,,,"Musicals; Theatrical Works; For voices, mixed chorus, orchestra; Scores featuring the voice; Scores featuring mixed chorus; Scores featuring the orchestra; For voices and chorus with orchestra; French language",歌剧总谱,音乐剧,"Soloists, chorus, and orchestra",独唱、合唱、管弦乐队,独唱、合唱、管弦乐队,法语,104006,Complete Score,tabScore1,Public Domain,"Paris: Heugel & Cie, 1926. Plate H. 29,477.",True,downloaded,,,歌剧总谱/12aa7bd9-0deb-413b-878e-a236f29bd1b3.pdf,"https://imslp.org/wiki/Une_revue_(Hahn,_Reynaldo)",https://imslp.org/wiki/Special:ImagefromIndex/104006/hfpb
U,Une revue,,,"Musicals; Theatrical Works; For voices, mixed chorus, orchestra; Scores featuring the voice; Scores featuring mixed chorus; Scores featuring the orchestra; For voices and chorus with orchestra; French language",歌剧总谱,音乐剧,"Soloists, chorus, and orchestra",独唱、合唱、管弦乐队,独唱、合唱、管弦乐队,法语,923690,Complete Score (in A major),tabArrTrans,Creative Commons Zero 1.0,"Pierre-Antoine Renioult, 2024.",True,blocked,Error: No direct PDF URL,,歌剧总谱/c622aca2-b620-4ec7-9ee5-48e907c3ce57.pdf,"https://imslp.org/wiki/Une_revue_(Hahn,_Reynaldo)",https://imslp.org/wiki/Special:ImagefromIndex/923690/hfpb
V,Variations chantantes sur un air ancien,D major,D大调,"Variations; For cello, piano; Scores featuring the cello; Scores featuring the piano; For 2 players",室内乐,变奏曲,"cello, piano",大提琴、钢琴,大提琴、钢琴,,1048705,Complete Score,tabScore1,Creative Commons Attribution 4.0,"Ductus Exemplo, 2026.",True,blocked,Error: No direct PDF URL,,室内乐/7a41d9e6-8289-4935-a460-f72a130075dd.pdf,"https://imslp.org/wiki/Variations_chantantes_sur_un_air_ancien_(Hahn,_Reynaldo)",https://imslp.org/wiki/Special:ImagefromIndex/1048705/hfpb
V,Variations chantantes sur un air ancien,D major,D大调,"Variations; For cello, piano; Scores featuring the cello; Scores featuring the piano; For 2 players",室内乐,变奏曲,"cello, piano",大提琴、钢琴,大提琴分谱,,1048706,Cello Part,tabScore1,Creative Commons Attribution 4.0,"Ductus Exemplo, 2026.",True,blocked,Error: No direct PDF URL,,室内乐/343bb0c1-9468-413d-8387-0b6e1add9c6b.pdf,"https://imslp.org/wiki/Variations_chantantes_sur_un_air_ancien_(Hahn,_Reynaldo)",https://imslp.org/wiki/Special:ImagefromIndex/1048706/hfpb
V,Variations on a Theme by Mozart,,,"Variations; For flute, piano; Scores featuring the flute; Scores featuring the piano; For 2 players",室内乐,变奏曲,"flute, piano",长笛、钢琴,长笛、钢琴,,25377,Complete Score,tabScore1,Public Domain,"Paris: Heugel et Cie., 1906. Plate H. & Cie. 22,724.",True,downloaded,,,室内乐/8b39e413-ffdd-43b1-a882-62abff82f488.pdf,"https://imslp.org/wiki/Variations_on_a_Theme_by_Mozart_(Hahn,_Reynaldo)",https://imslp.org/wiki/Special:ImagefromIndex/25377/hfpb
V,Variations on a Theme by Mozart,,,"Variations; For flute, piano; Scores featuring the flute; Scores featuring the piano; For 2 players",室内乐,变奏曲,"flute, piano",长笛、钢琴,长笛、钢琴,,25376,Flute,tabScore1,Public Domain,"Paris: Heugel et Cie., 1906. Plate H. & Cie. 22,724.",True,downloaded,,,室内乐/d2ab54b3-2e88-4bc4-8860-e6ade3b57d76.pdf,"https://imslp.org/wiki/Variations_on_a_Theme_by_Mozart_(Hahn,_Reynaldo)",https://imslp.org/wiki/Special:ImagefromIndex/25376/hfpb
V,Variations on a Theme by Mozart,,,"Variations; For flute, piano; Scores featuring the flute; Scores featuring the piano; For 2 players",室内乐,变奏曲,"flute, piano",长笛、钢琴,长笛、钢琴,,1028869,Complete Score,tabScore1,Public Domain,"Paris: Heugel et Cie., 1906. Plate H. & Cie. 22,724.",True,downloaded,,,室内乐/27bf752c-f7a3-46f8-8872-dd6a94fb3902.pdf,"https://imslp.org/wiki/Variations_on_a_Theme_by_Mozart_(Hahn,_Reynaldo)",https://imslp.org/wiki/Special:ImagefromIndex/1028869/hfpb
V,Variations puériles sur une mélodie de Reinecke,,,Variations; For piano 4 hands; Scores featuring the piano; Scores featuring the piano 4 hands; For 2 players,室内乐,变奏曲,piano 4-hands,钢琴四手联弹,钢琴四手联弹,,62312,Complete Score,tabScore1,Public Domain,"Paris: Heugel & Cie., n.d. Plate H. & Cie. 22.278.",True,downloaded,,,室内乐/915063be-17d6-4ac9-be71-7626ff90ce3c.pdf,"https://imslp.org/wiki/Variations_pu%C3%A9riles_sur_une_m%C3%A9lodie_de_Reinecke_(Hahn,_Reynaldo)",https://imslp.org/wiki/Special:ImagefromIndex/62312/hfpb
V,Variations puériles sur une mélodie de Reinecke,,,Variations; For piano 4 hands; Scores featuring the piano; Scores featuring the piano 4 hands; For 2 players,室内乐,变奏曲,piano 4-hands,钢琴四手联弹,钢琴四手联弹,,45396,Complete Score,tabScore1,Public Domain,"Paris: Heugel & Cie., n.d. Plate H. & Cie. 22.278.",True,downloaded,,,室内乐/fbe5957f-8d9a-47b0-93c4-1160ca0a6735.pdf,"https://imslp.org/wiki/Variations_pu%C3%A9riles_sur_une_m%C3%A9lodie_de_Reinecke_(Hahn,_Reynaldo)",https://imslp.org/wiki/Special:ImagefromIndex/45396/hfpb
V,Variations puériles sur une mélodie de Reinecke,,,Variations; For piano 4 hands; Scores featuring the piano; Scores featuring the piano 4 hands; For 2 players,室内乐,变奏曲,piano 4-hands,钢琴四手联弹,钢琴四手联弹,,366532,下载这个文件,tabScore1,Public Domain,"Paris: Heugel & Cie., n.d. Plate H. & Cie. 22.278.",True,downloaded,,,室内乐/33750ee6-61da-4e39-804a-02e80392421c.pdf,"https://imslp.org/wiki/Variations_pu%C3%A9riles_sur_une_m%C3%A9lodie_de_Reinecke_(Hahn,_Reynaldo)",https://imslp.org/wiki/Special:ImagefromIndex/366532/hfpb
V,Venezia,,,"Songs; For voice, piano; For voices with keyboard; Scores featuring the voice; Scores featuring the piano; French language",艺术歌曲,,voice and piano,声乐、钢琴,声乐、钢琴,法语,91216,Complete Score,tabScore1,Public Domain,"Paris: Heugel & Cie, 1901. Plates H. & Cie. 20,678-83.",False,pending,,本地目录已有同名 Hahn 作品,艺术歌曲/43d71bf6-021c-44a2-83a9-fba69123f28d.pdf,"https://imslp.org/wiki/Venezia_(Hahn,_Reynaldo)",https://imslp.org/wiki/Special:ImagefromIndex/91216/hfpb
V,Violin Concerto,D major,D大调,"Concertos; For violin, orchestra; Scores featuring the violin; Scores featuring the orchestra; For orchestra with soloists; For violin, piano (arr); For 2 players (arr); Scores featuring the violin (arr); Scores featuring the piano (arr)",协奏曲总谱,协奏曲,"Solo: violinOrchestra: 2 flutes, 2 oboes, 2 clarinets, 2 bassoons4 horns, 2 trumpets, 3 trombones, timpani, percussion, harp, strings",独奏：小提琴；管弦乐队：2支长笛、2支双簧管、2支单簧管、2支巴松、4支圆号、2支小号、3支长号、定音鼓、打击乐、竖琴、弦乐,钢琴谱,,37777,Piano Score,tabArrTrans,Public Domain,"Paris: Heugel, 1928. Plate H. 29,903.",True,downloaded,,,协奏曲总谱/3f1ce9e1-a5ec-455b-8384-f964bd824322.pdf,"https://imslp.org/wiki/Violin_Concerto_(Hahn,_Reynaldo)",https://imslp.org/wiki/Special:ImagefromIndex/37777/hfpb
V,Violin Concerto,D major,D大调,"Concertos; For violin, orchestra; Scores featuring the violin; Scores featuring the orchestra; For orchestra with soloists; For violin, piano (arr); For 2 players (arr); Scores featuring the violin (arr); Scores featuring the piano (arr)",协奏曲总谱,协奏曲,"Solo: violinOrchestra: 2 flutes, 2 oboes, 2 clarinets, 2 bassoons4 horns, 2 trumpets, 3 trombones, timpani, percussion, harp, strings",独奏：小提琴；管弦乐队：2支长笛、2支双簧管、2支单簧管、2支巴松、4支圆号、2支小号、3支长号、定音鼓、打击乐、竖琴、弦乐,小提琴分谱,,37778,Violin Part,tabArrTrans,Public Domain,"Paris: Heugel, 1928. Plate H. 29,903.",True,downloaded,,,协奏曲总谱/642720fb-9c33-42c3-9ef1-b965df428a86.pdf,"https://imslp.org/wiki/Violin_Concerto_(Hahn,_Reynaldo)",https://imslp.org/wiki/Special:ImagefromIndex/37778/hfpb
V,Violin Concerto,D major,D大调,"Concertos; For violin, orchestra; Scores featuring the violin; Scores featuring the orchestra; For orchestra with soloists; For violin, piano (arr); For 2 players (arr); Scores featuring the violin (arr); Scores featuring the piano (arr)",协奏曲总谱,协奏曲,"Solo: violinOrchestra: 2 flutes, 2 oboes, 2 clarinets, 2 bassoons4 horns, 2 trumpets, 3 trombones, timpani, percussion, harp, strings",独奏：小提琴；管弦乐队：2支长笛、2支双簧管、2支单簧管、2支巴松、4支圆号、2支小号、3支长号、定音鼓、打击乐、竖琴、弦乐,钢琴谱,,564802,Piano score,tabArrTrans,Public Domain,"Paris: Heugel, 1928. Plate H. 29,903.",True,downloaded,,,协奏曲总谱/dce379fe-efb9-4164-bb09-9285f4a2597e.pdf,"https://imslp.org/wiki/Violin_Concerto_(Hahn,_Reynaldo)",https://imslp.org/wiki/Special:ImagefromIndex/564802/hfpb
V,Violin Concerto,D major,D大调,"Concertos; For violin, orchestra; Scores featuring the violin; Scores featuring the orchestra; For orchestra with soloists; For violin, piano (arr); For 2 players (arr); Scores featuring the violin (arr); Scores featuring the piano (arr)",协奏曲总谱,协奏曲,"Solo: violinOrchestra: 2 flutes, 2 oboes, 2 clarinets, 2 bassoons4 horns, 2 trumpets, 3 trombones, timpani, percussion, harp, strings",独奏：小提琴；管弦乐队：2支长笛、2支双簧管、2支单簧管、2支巴松、4支圆号、2支小号、3支长号、定音鼓、打击乐、竖琴、弦乐,小提琴分谱,,564803,Violin part,tabArrTrans,Public Domain,"Paris: Heugel, 1928. Plate H. 29,903.",True,downloaded,,,协奏曲总谱/e3f1481d-b3dc-4551-a275-6b106ddb9c9f.pdf,"https://imslp.org/wiki/Violin_Concerto_(Hahn,_Reynaldo)",https://imslp.org/wiki/Special:ImagefromIndex/564803/hfpb
V,Violin Sonata,C major,C大调,"Sonatas; For violin, piano; Scores featuring the violin; Scores featuring the piano; For 2 players",室内乐,奏鸣曲,"Violin, Piano",小提琴、钢琴,钢琴谱,,37742,Piano Score,tabScore1,Public Domain,"Paris: Heugel, 1927. Plate H. 29,553.",True,downloaded,,,室内乐/af708eec-4702-4fa2-b3c4-d22f1d569e3e.pdf,"https://imslp.org/wiki/Violin_Sonata_(Hahn,_Reynaldo)",https://imslp.org/wiki/Special:ImagefromIndex/37742/hfpb
V,Violin Sonata,C major,C大调,"Sonatas; For violin, piano; Scores featuring the violin; Scores featuring the piano; For 2 players",室内乐,奏鸣曲,"Violin, Piano",小提琴、钢琴,小提琴分谱,,37743,Violin Part,tabScore1,Public Domain,"Paris: Heugel, 1927. Plate H. 29,553.",True,downloaded,,,室内乐/787cbb2b-e61d-49aa-acfb-852f410dfac9.pdf,"https://imslp.org/wiki/Violin_Sonata_(Hahn,_Reynaldo)",https://imslp.org/wiki/Special:ImagefromIndex/37743/hfpb
V,Vocalise-Etude,,,"Vocalises; Studies; For voice, piano; For voices with keyboard; Scores featuring the voice; Scores featuring the piano",艺术歌曲,练习曲,low voice and piano,低声部、钢琴,低声部、钢琴,,182672,Complete Score,tabScore1,Public Domain,"Paris: Alphonse Leduc, 1909. Plate A.L. 13,808",True,downloaded,,,艺术歌曲/8b8bfd5d-91ea-47cf-bf9b-646615a6a287.pdf,"https://imslp.org/wiki/Vocalise-%C3%A9tude_(Hahn,_Reynaldo)",https://imslp.org/wiki/Special:ImagefromIndex/182672/hfpb
